"CPCCode","Commodity","Input Code","Input","Productivity Code","Productivity","Output Code","Output"
"0111","Wheat","5312","Area Harvested [ha]","5421","Yield [t/ha]","5510","Production [t]"
"0112","Maize (corn)","5312","Area Harvested [ha]","5421","Yield [t/ha]","5510","Production [t]"
"0113","Rice","5312","Area Harvested [ha]","5421","Yield [t/ha]","5510","Production [t]"
"0114","Sorghum","5312","Area Harvested [ha]","5421","Yield [t/ha]","5510","Production [t]"
"0115","Barley","5312","Area Harvested [ha]","5421","Yield [t/ha]","5510","Production [t]"
"0116","Rye","5312","Area Harvested [ha]","5421","Yield [t/ha]","5510","Production [t]"
"0117","Oats","5312","Area Harvested [ha]","5421","Yield [t/ha]","5510","Production [t]"
"0118","Millet","5312","Area Harvested [ha]","5421","Yield [t/ha]","5510","Production [t]"
"01191","Triticale","5312","Area Harvested [ha]","5421","Yield [t/ha]","5510","Production [t]"
"01192","Buckwheat","5312","Area Harvested [ha]","5421","Yield [t/ha]","5510","Production [t]"
"01193","Fonio","5312","Area Harvested [ha]","5421","Yield [t/ha]","5510","Production [t]"
"01194","Quinoa","5312","Area Harvested [ha]","5421","Yield [t/ha]","5510","Production [t]"
"01195","Canary seed","5312","Area Harvested [ha]","5421","Yield [t/ha]","5510","Production [t]"
"01199.02","Mixed grain","5312","Area Harvested [ha]","5421","Yield [t/ha]","5510","Production [t]"
"01199.90","Other cereals n.e.","5312","Area Harvested [ha]","5421","Yield [t/ha]","5510","Production [t]"
"01211","Asparagus","5312","Area Harvested [ha]","5421","Yield [t/ha]","5510","Production [t]"
"01212","Cabbages","5312","Area Harvested [ha]","5421","Yield [t/ha]","5510","Production [t]"
"01213","Cauliflowers and broccoli","5312","Area Harvested [ha]","5421","Yield [t/ha]","5510","Production [t]"
"01214","Lettuce and chicory","5312","Area Harvested [ha]","5421","Yield [t/ha]","5510","Production [t]"
"01215","Spinach","5312","Area Harvested [ha]","5421","Yield [t/ha]","5510","Production [t]"
"01216","Artichokes","5312","Area Harvested [ha]","5421","Yield [t/ha]","5510","Production [t]"
"01219.01","Cassava leaves","5312","Area Harvested [ha]","5421","Yield [t/ha]","5510","Production [t]"
"01221","Watermelons","5312","Area Harvested [ha]","5421","Yield [t/ha]","5510","Production [t]"
"01229","Cantaloupes and other melons","5312","Area Harvested [ha]","5421","Yield [t/ha]","5510","Production [t]"
"01231","Chillies and peppers, green (Capsicum spp. and Pimenta spp.)","5312","Area Harvested [ha]","5421","Yield [t/ha]","5510","Production [t]"
"01232","Cucumbers and gherkins","5312","Area Harvested [ha]","5421","Yield [t/ha]","5510","Production [t]"
"01233","Eggplants (aubergines)","5312","Area Harvested [ha]","5421","Yield [t/ha]","5510","Production [t]"
"01234","Tomatoes","5312","Area Harvested [ha]","5421","Yield [t/ha]","5510","Production [t]"
"01235","Pumpkins, squash and gourds","5312","Area Harvested [ha]","5421","Yield [t/ha]","5510","Production [t]"
"01239.01","Okra","5312","Area Harvested [ha]","5421","Yield [t/ha]","5510","Production [t]"
"01241.01","String beans","5312","Area Harvested [ha]","5421","Yield [t/ha]","5510","Production [t]"
"01241.90","Other beans, green","5312","Area Harvested [ha]","5421","Yield [t/ha]","5510","Production [t]"
"01242","Peas, green","5312","Area Harvested [ha]","5421","Yield [t/ha]","5510","Production [t]"
"01243","Broad beans and horse beans, green","5312","Area Harvested [ha]","5421","Yield [t/ha]","5510","Production [t]"
"01251","Carrots and turnips","5312","Area Harvested [ha]","5421","Yield [t/ha]","5510","Production [t]"
"01252","Green garlic","5312","Area Harvested [ha]","5421","Yield [t/ha]","5510","Production [t]"
"01253.01","Onions and shallots, green","5312","Area Harvested [ha]","5421","Yield [t/ha]","5510","Production [t]"
"01253.02","Onions and shallots, dry (excluding dehydrated)","5312","Area Harvested [ha]","5421","Yield [t/ha]","5510","Production [t]"
"01254","Leeks and other alliaceous vegetables","5312","Area Harvested [ha]","5421","Yield [t/ha]","5510","Production [t]"
"01270","Mushrooms and truffles","5312","Area Harvested [ha]","5421","Yield [t/ha]","5510","Production [t]"
"01290.01","Green corn (maize)","5312","Area Harvested [ha]","5421","Yield [t/ha]","5510","Production [t]"
"01290.90","Other vegetables, fresh n.e.","5312","Area Harvested [ha]","5421","Yield [t/ha]","5510","Production [t]"
"01311","Avocados","5312","Area Harvested [ha]","5421","Yield [t/ha]","5510","Production [t]"
"01312","Bananas","5312","Area Harvested [ha]","5421","Yield [t/ha]","5510","Production [t]"
"01313","Plantains and others","5312","Area Harvested [ha]","5421","Yield [t/ha]","5510","Production [t]"
"01314","Dates","5312","Area Harvested [ha]","5421","Yield [t/ha]","5510","Production [t]"
"01315","Figs","5312","Area Harvested [ha]","5421","Yield [t/ha]","5510","Production [t]"
"01316","Mangoes, guavas, mangosteens","5312","Area Harvested [ha]","5421","Yield [t/ha]","5510","Production [t]"
"01317","Papayas","5312","Area Harvested [ha]","5421","Yield [t/ha]","5510","Production [t]"
"01318","Pineapples","5312","Area Harvested [ha]","5421","Yield [t/ha]","5510","Production [t]"
"01319","Other tropical fruits, n.e.c.","5312","Area Harvested [ha]","5421","Yield [t/ha]","5510","Production [t]"
"01321","Pomelos and grapefruits","5312","Area Harvested [ha]","5421","Yield [t/ha]","5510","Production [t]"
"01322","Lemons and limes","5312","Area Harvested [ha]","5421","Yield [t/ha]","5510","Production [t]"
"01323","Oranges","5312","Area Harvested [ha]","5421","Yield [t/ha]","5510","Production [t]"
"01324","Tangerines, mandarins, clementines","5312","Area Harvested [ha]","5421","Yield [t/ha]","5510","Production [t]"
"01329","Other citrus fruit, n.e.","5312","Area Harvested [ha]","5421","Yield [t/ha]","5510","Production [t]"
"01330","Grapes","5312","Area Harvested [ha]","5421","Yield [t/ha]","5510","Production [t]"
"01341","Apples","5312","Area Harvested [ha]","5421","Yield [t/ha]","5510","Production [t]"
"01342.01","Pears","5312","Area Harvested [ha]","5421","Yield [t/ha]","5510","Production [t]"
"01342.02","Quinces","5312","Area Harvested [ha]","5421","Yield [t/ha]","5510","Production [t]"
"01343","Apricots","5312","Area Harvested [ha]","5421","Yield [t/ha]","5510","Production [t]"
"01344.01","Sour cherries","5312","Area Harvested [ha]","5421","Yield [t/ha]","5510","Production [t]"
"01344.02","Cherries","5312","Area Harvested [ha]","5421","Yield [t/ha]","5510","Production [t]"
"01345","Peaches and nectarines","5312","Area Harvested [ha]","5421","Yield [t/ha]","5510","Production [t]"
"01346","Plums and sloes","5312","Area Harvested [ha]","5421","Yield [t/ha]","5510","Production [t]"
"01349.10","Other pome fruits","5312","Area Harvested [ha]","5421","Yield [t/ha]","5510","Production [t]"
"01349.20","Other stone fruits","5312","Area Harvested [ha]","5421","Yield [t/ha]","5510","Production [t]"
"01351.01","Currants","5312","Area Harvested [ha]","5421","Yield [t/ha]","5510","Production [t]"
"01351.02","Gooseberries","5312","Area Harvested [ha]","5421","Yield [t/ha]","5510","Production [t]"
"01352","Kiwi fruit","5312","Area Harvested [ha]","5421","Yield [t/ha]","5510","Production [t]"
"01353.01","Raspeberries","5312","Area Harvested [ha]","5421","Yield [t/ha]","5510","Production [t]"
"01354","Strawberries","5312","Area Harvested [ha]","5421","Yield [t/ha]","5510","Production [t]"
"01355.01","Blueberries","5312","Area Harvested [ha]","5421","Yield [t/ha]","5510","Production [t]"
"01355.02","Cranberries","5312","Area Harvested [ha]","5421","Yield [t/ha]","5510","Production [t]"
"01355.90","Other berries and fruits of the genus Vaccinium n.e.","5312","Area Harvested [ha]","5421","Yield [t/ha]","5510","Production [t]"
"01356","Locust beans (carobs)","5312","Area Harvested [ha]","5421","Yield [t/ha]","5510","Production [t]"
"01359.01","Persimmons","5312","Area Harvested [ha]","5421","Yield [t/ha]","5510","Production [t]"
"01359.02","Cashewapple","5312","Area Harvested [ha]","5421","Yield [t/ha]","5510","Production [t]"
"01359.90","Other fruits n.e.c.","5312","Area Harvested [ha]","5421","Yield [t/ha]","5510","Production [t]"
"01371","Almonds, in shell","5312","Area Harvested [ha]","5421","Yield [t/ha]","5510","Production [t]"
"01372","Cashew nuts, in shell","5312","Area Harvested [ha]","5421","Yield [t/ha]","5510","Production [t]"
"01373","Chestnuts, in shell","5312","Area Harvested [ha]","5421","Yield [t/ha]","5510","Production [t]"
"01374","Hazelnuts, in shell","5312","Area Harvested [ha]","5421","Yield [t/ha]","5510","Production [t]"
"01375","Pistachios, in shell","5312","Area Harvested [ha]","5421","Yield [t/ha]","5510","Production [t]"
"01376","Walnuts, in shell","5312","Area Harvested [ha]","5421","Yield [t/ha]","5510","Production [t]"
"01377","Brazil nuts, in shell","5312","Area Harvested [ha]","5421","Yield [t/ha]","5510","Production [t]"
"01379.01","Areca nuts","5312","Area Harvested [ha]","5421","Yield [t/ha]","5510","Production [t]"
"01379.02","Kola nuts","5312","Area Harvested [ha]","5421","Yield [t/ha]","5510","Production [t]"
"01379.90","Other nuts (excluding wild edible nuts and groundnuts), in shell, n.e.","5312","Area Harvested [ha]","5421","Yield [t/ha]","5510","Production [t]"
"0141","Soya beans","5312","Area Harvested [ha]","5421","Yield [t/ha]","5510","Production [t]"
"0142","Groundnuts, excluding shelled","5312","Area Harvested [ha]","5421","Yield [t/ha]","5510","Production [t]"
"01441","Linseed","5312","Area Harvested [ha]","5421","Yield [t/ha]","5510","Production [t]"
"01442","Mustard seed","5312","Area Harvested [ha]","5421","Yield [t/ha]","5510","Production [t]"
"01443","Rapeseed or colza seed","5312","Area Harvested [ha]","5421","Yield [t/ha]","5510","Production [t]"
"01444","Sesame seed","5312","Area Harvested [ha]","5421","Yield [t/ha]","5510","Production [t]"
"01445","Sunflower seed","5312","Area Harvested [ha]","5421","Yield [t/ha]","5510","Production [t]"
"01446","Safflower seed","5312","Area Harvested [ha]","5421","Yield [t/ha]","5510","Production [t]"
"01447","Castor oil seeds","5312","Area Harvested [ha]","5421","Yield [t/ha]","5510","Production [t]"
"01448","Poppy seed","5312","Area Harvested [ha]","5421","Yield [t/ha]","5510","Production [t]"
"01449.01","Melonseed","5312","Area Harvested [ha]","5421","Yield [t/ha]","5510","Production [t]"
"01449.02","Hempseed","5312","Area Harvested [ha]","5421","Yield [t/ha]","5510","Production [t]"
"01449.90","Other oil seeds, n.e.","5312","Area Harvested [ha]","5421","Yield [t/ha]","5510","Production [t]"
"01450","Olives","5312","Area Harvested [ha]","5421","Yield [t/ha]","5510","Production [t]"
"01460","Coconuts, in shell","5312","Area Harvested [ha]","5421","Yield [t/ha]","5510","Production [t]"
"01491.01","Oil palm fruit","5312","Area Harvested [ha]","5421","Yield [t/ha]","5510","Production [t]"
"01499.01","Karite Nuts (Sheanuts)","5312","Area Harvested [ha]","5421","Yield [t/ha]","5510","Production [t]"
"01499.02","Tung Nuts","5312","Area Harvested [ha]","5421","Yield [t/ha]","5510","Production [t]"
"01499.03","Jojoba Seeds","5312","Area Harvested [ha]","5421","Yield [t/ha]","5510","Production [t]"
"01499.04","Tallowtree seeds","5312","Area Harvested [ha]","5421","Yield [t/ha]","5510","Production [t]"
"01499.05","Kapok fruit","5312","Area Harvested [ha]","5421","Yield [t/ha]","5510","Production [t]"
"01510","Potatoes","5312","Area Harvested [ha]","5421","Yield [t/ha]","5510","Production [t]"
"01520","Cassava","5312","Area Harvested [ha]","5421","Yield [t/ha]","5510","Production [t]"
"01530","Sweet potatoes","5312","Area Harvested [ha]","5421","Yield [t/ha]","5510","Production [t]"
"01540","Yams","5312","Area Harvested [ha]","5421","Yield [t/ha]","5510","Production [t]"
"01550","Taro","5312","Area Harvested [ha]","5421","Yield [t/ha]","5510","Production [t]"
"01591","Yautia","5312","Area Harvested [ha]","5421","Yield [t/ha]","5510","Production [t]"
"01599","Other edible roots and tubers with high starch or inulin content, n.e.","5312","Area Harvested [ha]","5421","Yield [t/ha]","5510","Production [t]"
"01599.10","Edible roots and tubers with high starch or inulin content, n.e., fresh","5312","Area Harvested [ha]","5421","Yield [t/ha]","5510","Production [t]"
"01610","Coffee, green","5312","Area Harvested [ha]","5421","Yield [t/ha]","5510","Production [t]"
"01620","tea leaves","5312","Area Harvested [ha]","5421","Yield [t/ha]","5510","Production [t]"
"01630","Mat<U+FFFD> leaves","5312","Area Harvested [ha]","5421","Yield [t/ha]","5510","Production [t]"
"01640","Cocoa beans","5312","Area Harvested [ha]","5421","Yield [t/ha]","5510","Production [t]"
"01651","Pepper (Piper spp.), raw","5312","Area Harvested [ha]","5421","Yield [t/ha]","5510","Production [t]"
"01652","Chillies and peppers, dry (Capsicum spp. and Pimenta spp.), raw","5312","Area Harvested [ha]","5421","Yield [t/ha]","5510","Production [t]"
"01653","Nutmeg, mace, cardamoms, raw","5312","Area Harvested [ha]","5421","Yield [t/ha]","5510","Production [t]"
"01654","Anise, badian, coriander, cumin, caraway, fennel and juniper berries, raw","5312","Area Harvested [ha]","5421","Yield [t/ha]","5510","Production [t]"
"01655","Cinnamon (canella), raw","5312","Area Harvested [ha]","5421","Yield [t/ha]","5510","Production [t]"
"01656","Cloves (whole stems), raw","5312","Area Harvested [ha]","5421","Yield [t/ha]","5510","Production [t]"
"01657","Ginger, raw","5312","Area Harvested [ha]","5421","Yield [t/ha]","5510","Production [t]"
"01658","Vanilla, raw","5312","Area Harvested [ha]","5421","Yield [t/ha]","5510","Production [t]"
"01659","Hop cones","5312","Area Harvested [ha]","5421","Yield [t/ha]","5510","Production [t]"
"01691","Chicory roots","5312","Area Harvested [ha]","5421","Yield [t/ha]","5510","Production [t]"
"01699","Other stimulant, spice and aromatic crops, n.e.","5312","Area Harvested [ha]","5421","Yield [t/ha]","5510","Production [t]"
"01701","Beans, dry","5312","Area Harvested [ha]","5421","Yield [t/ha]","5510","Production [t]"
"01702","Broad beans and horse beans, dry","5312","Area Harvested [ha]","5421","Yield [t/ha]","5510","Production [t]"
"01703","Chick peas, dry","5312","Area Harvested [ha]","5421","Yield [t/ha]","5510","Production [t]"
"01704","Lentils, dry","5312","Area Harvested [ha]","5421","Yield [t/ha]","5510","Production [t]"
"01705","Peas, dry","5312","Area Harvested [ha]","5421","Yield [t/ha]","5510","Production [t]"
"01706","Cow peas, dry","5312","Area Harvested [ha]","5421","Yield [t/ha]","5510","Production [t]"
"01707","Pigeon peas, dry","5312","Area Harvested [ha]","5421","Yield [t/ha]","5510","Production [t]"
"01708","Bambara beans, dry","5312","Area Harvested [ha]","5421","Yield [t/ha]","5510","Production [t]"
"01709.01","Vetches","5312","Area Harvested [ha]","5421","Yield [t/ha]","5510","Production [t]"
"01709.02","Lupins","5312","Area Harvested [ha]","5421","Yield [t/ha]","5510","Production [t]"
"01709.90","Other pulses n.e.c.","5312","Area Harvested [ha]","5421","Yield [t/ha]","5510","Production [t]"
"01801","Sugar beet","5312","Area Harvested [ha]","5421","Yield [t/ha]","5510","Production [t]"
"01802","Sugar cane","5312","Area Harvested [ha]","5421","Yield [t/ha]","5510","Production [t]"
"01809","Other sugar crops n.e.","5312","Area Harvested [ha]","5421","Yield [t/ha]","5510","Production [t]"
"01921.01","Seed cotton, unginned","5312","Area Harvested [ha]","5421","Yield [t/ha]","5510","Production [t]"
"01922.01","Jute, raw or retted","5312","Area Harvested [ha]","5421","Yield [t/ha]","5510","Production [t]"
"01922.02","Kenaf, and other textile bast fibres, raw or retted","5312","Area Harvested [ha]","5421","Yield [t/ha]","5510","Production [t]"
"01929.02","True hemp, raw or retted","5312","Area Harvested [ha]","5421","Yield [t/ha]","5510","Production [t]"
"01929.04","Ramie, raw or retted","5312","Area Harvested [ha]","5421","Yield [t/ha]","5510","Production [t]"
"01929.05","Sisal, raw","5312","Area Harvested [ha]","5421","Yield [t/ha]","5510","Production [t]"
"01929.06","Agave fibres, raw, n.e.c.","5312","Area Harvested [ha]","5421","Yield [t/ha]","5510","Production [t]"
"01929.07","Abaca, manila hemp, raw","5312","Area Harvested [ha]","5421","Yield [t/ha]","5510","Production [t]"
"01929.08","Coir, raw","5312","Area Harvested [ha]","5421","Yield [t/ha]","5510","Production [t]"
"01929.90","Other fibre crops, raw, n.e.c.","5312","Area Harvested [ha]","5421","Yield [t/ha]","5510","Production [t]"
"01930.01","Peppermint, spearmint","5312","Area Harvested [ha]","5421","Yield [t/ha]","5510","Production [t]"
"01930.02","Pyrethrum, dried flowers","5312","Area Harvested [ha]","5421","Yield [t/ha]","5510","Production [t]"
"01950.01","Natural rubber in primary forms","5312","Area Harvested [ha]","5421","Yield [t/ha]","5510","Production [t]"
"01970","Unmanufactured tobacco","5312","Area Harvested [ha]","5421","Yield [t/ha]","5510","Production [t]"
"26190.01","Flax, processed but not spun","5312","Area Harvested [ha]","5421","Yield [t/ha]","5510","Production [t]"
"01499.06","Kapokseed in shell","5327","Input [t]","5423","Extraction Rate [kg/t]","5510","Production [t]"
"01520.01","Cassava, fresh","5327","Input [t]","5423","Extraction Rate [kg/t]","5510","Production [t]"
"01929.03","Kapok fibre, raw","5327","Input [t]","5423","Extraction Rate [kg/t]","5510","Production [t]"
"03211","Balata, gutta-percha, guayule, chicle and similar natural gums in primary forms or in plates, sheets or strip","5327","Input [t]","5423","Extraction Rate [kg/t]","5510","Production [t]"
"21691.09","Vegetable tallow","5327","Input [t]","5423","Extraction Rate [kg/t]","5510","Production [t]"
"21691.10","Stillingia oil","5327","Input [t]","5423","Extraction Rate [kg/t]","5510","Production [t]"
"0143","Cottonseed",NA,NA,NA,NA,"5510","Production [t]"
"01491.02","Palm kernels",NA,NA,NA,NA,"5510","Production [t]"
"01492","Copra",NA,NA,NA,NA,"5510","Production [t]"
"01499.07","Kapokseed, shelled",NA,NA,NA,NA,"5510","Production [t]"
"01520.02","Cassava, dried",NA,NA,NA,NA,"5510","Production [t]"
"01911","Maize for forage",NA,NA,NA,NA,"5510","Production [t]"
"01912","Alfalfa for forage",NA,NA,NA,NA,"5510","Production [t]"
"01913","Cereal straw, husks, unprepared, ground, pressed, or in the form of pellets",NA,NA,NA,NA,"5510","Production [t]"
"01919.01","Sorghum, for forage",NA,NA,NA,NA,"5510","Production [t]"
"01919.02","Rye grass, for forage",NA,NA,NA,NA,"5510","Production [t]"
"01919.03","Clover, for forage",NA,NA,NA,NA,"5510","Production [t]"
"01919.04","Cabbage, for forage",NA,NA,NA,NA,"5510","Production [t]"
"01919.05","Turnips, for forage",NA,NA,NA,NA,"5510","Production [t]"
"01919.06","Beet, for forage",NA,NA,NA,NA,"5510","Production [t]"
"01919.07","Carrots, for forage",NA,NA,NA,NA,"5510","Production [t]"
"01919.08","Swedes, for forage",NA,NA,NA,NA,"5510","Production [t]"
"01919.09","Hay for forage, from grasses",NA,NA,NA,NA,"5510","Production [t]"
"01919.10","Hay for forage, from legumes",NA,NA,NA,NA,"5510","Production [t]"
"01919.11","Hay for forage, from other crops n.e.c.",NA,NA,NA,NA,"5510","Production [t]"
"01919.91","Other grasses, for forage",NA,NA,NA,NA,"5510","Production [t]"
"01919.92","Other legumes, for forage",NA,NA,NA,NA,"5510","Production [t]"
"01919.93","Mixed grass and legumes, for forage",NA,NA,NA,NA,"5510","Production [t]"
"01919.94","Other oilseeds, for forage",NA,NA,NA,NA,"5510","Production [t]"
"01919.95","Other forage crops, n.e.c.",NA,NA,NA,NA,"5510","Production [t]"
"01919.96","Other forage products, n.e.c.",NA,NA,NA,NA,"5510","Production [t]"
"01921.02","Cotton lint, ginned",NA,NA,NA,NA,"5510","Production [t]"
"01929.01","Flax, raw or retted",NA,NA,NA,NA,"5510","Production [t]"
"01930.03","Pyrethrum Marc",NA,NA,NA,NA,"5510","Production [t]"
"01930.04","Tea nes (herbal tea)",NA,NA,NA,NA,"5510","Production [t]"
"01950.02","Natural rubber in other forms",NA,NA,NA,NA,"5510","Production [t]"
"01990.01","Vegetable products, fresh or dry nes",NA,NA,NA,NA,"5510","Production [t]"
"02196","Bees",NA,NA,NA,NA,"5510","Production [t]"
"02199.20","Other live animals, n.e.",NA,NA,NA,NA,"5510","Production [t]"
"02211","Raw milk of cattle",NA,NA,NA,NA,"5510","Production [t]"
"02212","Raw milk of buffalo",NA,NA,NA,NA,"5510","Production [t]"
"02291","Raw milk of sheep",NA,NA,NA,NA,"5510","Production [t]"
"02292","Raw milk of goats",NA,NA,NA,NA,"5510","Production [t]"
"02293","Raw milk of camel",NA,NA,NA,NA,"5510","Production [t]"
"0231","Hen eggs in shell, fresh",NA,NA,NA,NA,"5510","Production [t]"
"0232","Eggs from other birds in shell, fresh, n.e.",NA,NA,NA,NA,"5510","Production [t]"
"02910","Natural honey",NA,NA,NA,NA,"5510","Production [t]"
"02920","Snails, fresh, chilled, frozen, dried, salted or in brine, except sea snails",NA,NA,NA,NA,"5510","Production [t]"
"02941","Shorn wool, greasy, including fleece-washed shorn wool",NA,NA,NA,NA,"5510","Production [t]"
"02942.02","Coarse goat hair",NA,NA,NA,NA,"5510","Production [t]"
"02942.90","Other coarse animal hair",NA,NA,NA,NA,"5510","Production [t]"
"02943.01","Fine goat hair",NA,NA,NA,NA,"5510","Production [t]"
"02943.02","Fine hair, n.e.",NA,NA,NA,NA,"5510","Production [t]"
"02944","Silk-worm cocoons suitable for reeling",NA,NA,NA,NA,"5510","Production [t]"
"02951.01","Raw hides and skins of cattle",NA,NA,NA,NA,"5510","Production [t]"
"02951.02","Raw hides and skins of calves",NA,NA,NA,NA,"5510","Production [t]"
"02951.03","Raw hides and skins of buffaloes",NA,NA,NA,NA,"5510","Production [t]"
"02951.04","Hides, wet-salted of cattle",NA,NA,NA,NA,"5510","Production [t]"
"02951.05","Hides, dry-salted of cattle",NA,NA,NA,NA,"5510","Production [t]"
"02951.06","Skins, wet-salted of calves",NA,NA,NA,NA,"5510","Production [t]"
"02951.07","Skins, dry-salted of calves",NA,NA,NA,NA,"5510","Production [t]"
"02951.08","Hides, wet-salted of buffalo",NA,NA,NA,NA,"5510","Production [t]"
"02951.09","Hides, dry-salted of buffalo",NA,NA,NA,NA,"5510","Production [t]"
"02951.91","Hides of cattle, n.e.c.",NA,NA,NA,NA,"5510","Production [t]"
"02951.92","Skins of calves. n.e.c.",NA,NA,NA,NA,"5510","Production [t]"
"02952.01","Raw hides and skins of horses",NA,NA,NA,NA,"5510","Production [t]"
"02952.02","Raw hides and skins of asses",NA,NA,NA,NA,"5510","Production [t]"
"02952.03","Raw hides and skins of mules",NA,NA,NA,NA,"5510","Production [t]"
"02952.04","Hides, wet-salted of horses",NA,NA,NA,NA,"5510","Production [t]"
"02952.05","Hides, dry-salted of horses",NA,NA,NA,NA,"5510","Production [t]"
"02952.91","Hides of horses, n.e.c.",NA,NA,NA,NA,"5510","Production [t]"
"02953","Raw hides and skins of sheep or lambs",NA,NA,NA,NA,"5510","Production [t]"
"02953.01","Raw hides and skins of sheep or lambs, with wool",NA,NA,NA,NA,"5510","Production [t]"
"02953.03","Skins, wet-salted of sheep",NA,NA,NA,NA,"5510","Production [t]"
"02953.04","Skins, dry-salted of sheep",NA,NA,NA,NA,"5510","Production [t]"
"02953.90","Skins of sheep, n.e.c.",NA,NA,NA,NA,"5510","Production [t]"
"02954","Raw hides and skins of goats or kids",NA,NA,NA,NA,"5510","Production [t]"
"02954.01","Skins, Wet-Salted (Goats)",NA,NA,NA,NA,"5510","Production [t]"
"02954.02","Skins, Dry-Salted (Goats)",NA,NA,NA,NA,"5510","Production [t]"
"02954.90","Skins n.e., Goats",NA,NA,NA,NA,"5510","Production [t]"
"02955.01","Karakul skins",NA,NA,NA,NA,"5510","Production [t]"
"02955.02","Rabbit skins",NA,NA,NA,NA,"5510","Production [t]"
"02955.90","Other raw furskins n.e.",NA,NA,NA,NA,"5510","Production [t]"
"02959.01","Raw skins of swine",NA,NA,NA,NA,"5510","Production [t]"
"02959.02","Raw skins of camels",NA,NA,NA,NA,"5510","Production [t]"
"02959.03","Skins, wet-salted of pigs",NA,NA,NA,NA,"5510","Production [t]"
"02959.04","Skins, dry-salted of pigs",NA,NA,NA,NA,"5510","Production [t]"
"02959.05","Skins of pigs, n.e.c.",NA,NA,NA,NA,"5510","Production [t]"
"02959.06","Hides, wet-salted of camels",NA,NA,NA,NA,"5510","Production [t]"
"02959.08","Hides of camels, n.e.c.",NA,NA,NA,NA,"5510","Production [t]"
"02959.20","Hides, wet-salted n.e.c.",NA,NA,NA,NA,"5510","Production [t]"
"02959.30","Hides, dry-salted n.e.c.",NA,NA,NA,NA,"5510","Production [t]"
"02959.91","Other raw skins of other animals, fresh",NA,NA,NA,NA,"5510","Production [t]"
"02959.99","Other raw skins of other animals, preserved",NA,NA,NA,NA,"5510","Production [t]"
"02960.01","Beeswax",NA,NA,NA,NA,"5510","Production [t]"
"02960.02","Spermaceti",NA,NA,NA,NA,"5510","Production [t]"
"03219.01","Arabic gum",NA,NA,NA,NA,"5510","Production [t]"
"03219.90","Other lac, resins, balsams, natural gums and other resins n.e.",NA,NA,NA,NA,"5510","Production [t]"
"17400","Ice and snow",NA,NA,NA,NA,"5510","Production [t]"
"21111.01","Meat of cattle with the bone, fresh or chilled",NA,NA,NA,NA,"5510","Production [t]"
"21111.02","Meat of cattle boneless, fresh or chilled",NA,NA,NA,NA,"5510","Production [t]"
"21112","Meat of buffalo, fresh or chilled",NA,NA,NA,NA,"5510","Production [t]"
"21113.01","Meat of pig with the bone, fresh or chilled",NA,NA,NA,NA,"5510","Production [t]"
"21113.02","Meat of pig boneless, fresh or chilled",NA,NA,NA,NA,"5510","Production [t]"
"21114","Meat of rabbits and hares, fresh or chilled",NA,NA,NA,NA,"5510","Production [t]"
"21115","Meat of sheep, fresh or chilled",NA,NA,NA,NA,"5510","Production [t]"
"21116","Meat of goat, fresh or chilled",NA,NA,NA,NA,"5510","Production [t]"
"21117.01","Meat of camels, fresh or chilled",NA,NA,NA,NA,"5510","Production [t]"
"21117.02","Meat of other domestic camelids, fresh or chilled",NA,NA,NA,NA,"5510","Production [t]"
"21118.01","Horse meat, fresh or chilled",NA,NA,NA,NA,"5510","Production [t]"
"21118.02","Meat of asses, fresh or chilled",NA,NA,NA,NA,"5510","Production [t]"
"21118.03","Meat of mules, fresh or chilled",NA,NA,NA,NA,"5510","Production [t]"
"21119.01","Meat of other domestic rodents, fresh or chilled",NA,NA,NA,NA,"5510","Production [t]"
"21119.90","Other meat of mammals, fresh or chilled",NA,NA,NA,NA,"5510","Production [t]"
"21121","Meat of chickens, fresh or chilled",NA,NA,NA,NA,"5510","Production [t]"
"21122","Meat of ducks, fresh or chilled",NA,NA,NA,NA,"5510","Production [t]"
"21123","Meat of geese, fresh or chilled",NA,NA,NA,NA,"5510","Production [t]"
"21124","Meat of turkeys, fresh or chilled",NA,NA,NA,NA,"5510","Production [t]"
"21151","Edible offal of cattle, fresh, chilled or frozen",NA,NA,NA,NA,"5510","Production [t]"
"21152","Edible offal of buffalo, fresh, chilled or frozen",NA,NA,NA,NA,"5510","Production [t]"
"21153","Edible offal of pigs, fresh, chilled or frozen",NA,NA,NA,NA,"5510","Production [t]"
"21155","Edible offal of sheep, fresh, chilled or frozen",NA,NA,NA,NA,"5510","Production [t]"
"21156","Edible offal of goat, fresh, chilled or frozen",NA,NA,NA,NA,"5510","Production [t]"
"21159.01","Edible offals of horses and other equines,  fresh, chilled or frozen",NA,NA,NA,NA,"5510","Production [t]"
"21159.02","Edible offals of camels and other camelids, fresh, chilled or frozen",NA,NA,NA,NA,"5510","Production [t]"
"21160.01","Edible offals and liver of chickens and guinea fowl, fresh, chilled or frozen",NA,NA,NA,NA,"5510","Production [t]"
"21160.02","Edible offals and liver of geese, fresh, chilled or frozen",NA,NA,NA,NA,"5510","Production [t]"
"21160.03","Edible offals and liver of ducks, fresh, chilled or frozen",NA,NA,NA,NA,"5510","Production [t]"
"21160.04","Edible offals and liver of turkey,fresh, chilled or frozen",NA,NA,NA,NA,"5510","Production [t]"
"21170.01","Meat of pigeons and other birds n.e.c., fresh, chilled or frozen",NA,NA,NA,NA,"5510","Production [t]"
"21170.02","Game meat, fresh, chilled or frozen",NA,NA,NA,NA,"5510","Production [t]"
"21170.92","Other meat n.e. (excluding mammals)",NA,NA,NA,NA,"5510","Production [t]"
"21170.93","Offals n.e.c. (excluding mammals),fresh, chilled or frozen",NA,NA,NA,NA,"5510","Production [t]"
"21181","Pig meat, cuts, salted, dried or smoked (bacon and ham)",NA,NA,NA,NA,"5510","Production [t]"
"21182","Bovine meat, salted, dried or smoked",NA,NA,NA,NA,"5510","Production [t]"
"21183","Other meat and edible meat offal, salted, in brine, dried or smoked; edible flours and meals of meat or meat offal",NA,NA,NA,NA,"5510","Production [t]"
"21184.01","Sausages and similar products of meat, offal or blood of beef and veal",NA,NA,NA,NA,"5510","Production [t]"
"21184.02","Sausages and similar products of meat, offal or blood of pig",NA,NA,NA,NA,"5510","Production [t]"
"21185","Extracts and juices of meat, fish, crustaceans, molluscs or other aquatic invertebrates",NA,NA,NA,NA,"5510","Production [t]"
"21189.01","Liver Preparations",NA,NA,NA,NA,"5510","Production [t]"
"21189.02","Fatty Liver Preparations",NA,NA,NA,NA,"5510","Production [t]"
"21190.01","Meat meal",NA,NA,NA,NA,"5510","Production [t]"
"21190.02","Blood meal",NA,NA,NA,NA,"5510","Production [t]"
"21291","Flours, meals and pellets, inedible, of fish, crustaceans, molluscs or other aquatic invertebrates",NA,NA,NA,NA,"5510","Production [t]"
"21313","Potatoes, frozen",NA,NA,NA,NA,"5510","Production [t]"
"21319.01","Sweet Corn, Frozen",NA,NA,NA,NA,"5510","Production [t]"
"21321","Tomato juice",NA,NA,NA,NA,"5510","Production [t]"
"21329","Other vegetable juices",NA,NA,NA,NA,"5510","Production [t]"
"21330.90","Other vegetables provisionally preserved",NA,NA,NA,NA,"5510","Production [t]"
"21340","Vegetables, pulses and potatoes, preserved by vinegar or acetic acid",NA,NA,NA,NA,"5510","Production [t]"
"21392","Flour, meal, powder, flakes, granules and pellets of potatoes",NA,NA,NA,NA,"5510","Production [t]"
"21393.01","Dried Mushrooms",NA,NA,NA,NA,"5510","Production [t]"
"21393.90","Vegetables, Dehydrated",NA,NA,NA,NA,"5510","Production [t]"
"21397.01","Canned Mushrooms",NA,NA,NA,NA,"5510","Production [t]"
"21399.01","Paste of Tomatoes",NA,NA,NA,NA,"5510","Production [t]"
"21399.02","Tomatoes, Peeled (O/T vinegar)",NA,NA,NA,NA,"5510","Production [t]"
"21399.03","Sweet Corn, Prepared or Preserved",NA,NA,NA,NA,"5510","Production [t]"
"21411","Raisins",NA,NA,NA,NA,"5510","Production [t]"
"21412","Plums, dried",NA,NA,NA,NA,"5510","Production [t]"
"21419.01","Apricots, Dried",NA,NA,NA,NA,"5510","Production [t]"
"21419.02","Figs, Dried",NA,NA,NA,NA,"5510","Production [t]"
"21419.91","Other tropical fruit, dried",NA,NA,NA,NA,"5510","Production [t]"
"21419.99","Other fruit n.e.c., dried",NA,NA,NA,NA,"5510","Production [t]"
"21421","Groundnuts, shelled",NA,NA,NA,NA,"5510","Production [t]"
"21422","Almonds, shelled",NA,NA,NA,NA,"5510","Production [t]"
"21423","Hazelnuts, shelled",NA,NA,NA,NA,"5510","Production [t]"
"21424","Cashew nuts, shelled",NA,NA,NA,NA,"5510","Production [t]"
"21429.01","Brazil Nuts, Shelled",NA,NA,NA,NA,"5510","Production [t]"
"21429.02","Walnuts, Shelled",NA,NA,NA,NA,"5510","Production [t]"
"21429.07","Coconuts, Desiccated",NA,NA,NA,NA,"5510","Production [t]"
"21431.01","Orange Juice",NA,NA,NA,NA,"5510","Production [t]"
"21431.02","Orange Juice, Concentrated",NA,NA,NA,NA,"5510","Production [t]"
"21432","Grapefruit juice",NA,NA,NA,NA,"5510","Production [t]"
"21432.01","Grapefruit Juice, Concentrated",NA,NA,NA,NA,"5510","Production [t]"
"21433","Pineapple juice",NA,NA,NA,NA,"5510","Production [t]"
"21433.01","Juice of Pineapples, Concentrated",NA,NA,NA,NA,"5510","Production [t]"
"21434","Grape juice",NA,NA,NA,NA,"5510","Production [t]"
"21435.01","Apple Juice",NA,NA,NA,NA,"5510","Production [t]"
"21435.02","Apple Juice, Concentrated",NA,NA,NA,NA,"5510","Production [t]"
"21439.01","Juice of Tangerine",NA,NA,NA,NA,"5510","Production [t]"
"21439.02","Juice of Lemon",NA,NA,NA,NA,"5510","Production [t]"
"21439.03","Lemon Juice, Concentrated",NA,NA,NA,NA,"5510","Production [t]"
"21439.04","Juice of Citrus Fruit nes",NA,NA,NA,NA,"5510","Production [t]"
"21439.05","Citrus Juice, Concentrated nes",NA,NA,NA,NA,"5510","Production [t]"
"21439.06","Juice of plum",NA,NA,NA,NA,"5510","Production [t]"
"21439.08","Juice of Mango",NA,NA,NA,NA,"5510","Production [t]"
"21439.9","Juice of fruits n.e.",NA,NA,NA,NA,"5510","Production [t]"
"21491","Pineapples, otherwise prepared or preserved",NA,NA,NA,NA,"5510","Production [t]"
"21495.01","Prepared Groundnuts",NA,NA,NA,NA,"5510","Production [t]"
"21495.02","Peanut Butter",NA,NA,NA,NA,"5510","Production [t]"
"21499.01","Mango Pulp",NA,NA,NA,NA,"5510","Production [t]"
"21511.01","Fat of pigs",NA,NA,NA,NA,"5510","Production [t]"
"21511.02","Pig, Butcher Fat",NA,NA,NA,NA,"5510","Production [t]"
"21511.03","Fat of poultry",NA,NA,NA,NA,"5510","Production [t]"
"21512","Cattle fat, unrendered",NA,NA,NA,NA,"5510","Production [t]"
"21512.01","Cattle, Butcher Fat",NA,NA,NA,NA,"5510","Production [t]"
"21513","Buffalo fat, unrendered",NA,NA,NA,NA,"5510","Production [t]"
"21514","Sheep fat, unrendered",NA,NA,NA,NA,"5510","Production [t]"
"21515","Goat fat, unrendered",NA,NA,NA,NA,"5510","Production [t]"
"21519.02","Fat of camels",NA,NA,NA,NA,"5510","Production [t]"
"21519.03","Fat of other camelids",NA,NA,NA,NA,"5510","Production [t]"
"21521","Pig fat, rendered",NA,NA,NA,NA,"5510","Production [t]"
"21522","Poultry fat, rendered",NA,NA,NA,NA,"5510","Production [t]"
"21523","Tallow",NA,NA,NA,NA,"5510","Production [t]"
"21529.02","Lard Stearine and Lard Oil",NA,NA,NA,NA,"5510","Production [t]"
"21529.03","Animal Oils and Fats nes",NA,NA,NA,NA,"5510","Production [t]"
"2161","Soya bean oil",NA,NA,NA,NA,"5510","Production [t]"
"2162","Groundnut oil",NA,NA,NA,NA,"5510","Production [t]"
"21631.01","Sunflower-seed oil, crude",NA,NA,NA,NA,"5510","Production [t]"
"21631.02","Safflower-seed oil, crude",NA,NA,NA,NA,"5510","Production [t]"
"21641.01","Rapeseed or canola oil, crude",NA,NA,NA,NA,"5510","Production [t]"
"21641.02","Mustard seed oil, crude",NA,NA,NA,NA,"5510","Production [t]"
"2165","Palm oil",NA,NA,NA,NA,"5510","Production [t]"
"2166","Coconut oil",NA,NA,NA,NA,"5510","Production [t]"
"2167","Olive oil",NA,NA,NA,NA,"5510","Production [t]"
"21673","Oil of olive residues",NA,NA,NA,NA,"5510","Production [t]"
"2168","Cottonseed oil",NA,NA,NA,NA,"5510","Production [t]"
"21691.01","Oil of Rice Bran",NA,NA,NA,NA,"5510","Production [t]"
"21691.02","Oil of Maize",NA,NA,NA,NA,"5510","Production [t]"
"21691.03","Butter of Karite Nuts",NA,NA,NA,NA,"5510","Production [t]"
"21691.04","Oil of Castor Beans",NA,NA,NA,NA,"5510","Production [t]"
"21691.05","Oil of Tung Nuts",NA,NA,NA,NA,"5510","Production [t]"
"21691.06","Jojoba Oil",NA,NA,NA,NA,"5510","Production [t]"
"21691.07","Oil of Sesame Seed",NA,NA,NA,NA,"5510","Production [t]"
"21691.08","Oil of Poppy Seed",NA,NA,NA,NA,"5510","Production [t]"
"21691.11","Oil of Kapok",NA,NA,NA,NA,"5510","Production [t]"
"21691.12","Oil of Linseed",NA,NA,NA,NA,"5510","Production [t]"
"21691.13","Oil of Hempseed",NA,NA,NA,NA,"5510","Production [t]"
"21691.14","Oil of Palm Kernel",NA,NA,NA,NA,"5510","Production [t]"
"21691.90","Other oil of Vegetable Origin, crude n.e.",NA,NA,NA,NA,"5510","Production [t]"
"21693.02","Castor oil, hydrogenated",NA,NA,NA,NA,"5510","Production [t]"
"21700.01","Liquid Margarine",NA,NA,NA,NA,"5510","Production [t]"
"21700.02","Margarine and Shortening",NA,NA,NA,NA,"5510","Production [t]"
"21800","Cotton linters",NA,NA,NA,NA,"5510","Production [t]"
"21910.01","Cake of Rice Bran",NA,NA,NA,NA,"5510","Production [t]"
"21910.02","Cake of Maize",NA,NA,NA,NA,"5510","Production [t]"
"21910.03","Cake of  Soya beans",NA,NA,NA,NA,"5510","Production [t]"
"21910.04","Cake of  Groundnuts",NA,NA,NA,NA,"5510","Production [t]"
"21910.05","Cake of Copra",NA,NA,NA,NA,"5510","Production [t]"
"21910.06","Cake of  Palm kernel",NA,NA,NA,NA,"5510","Production [t]"
"21910.07","Cake of  Sunflower seed",NA,NA,NA,NA,"5510","Production [t]"
"21910.08","Cake of  Rapeseed",NA,NA,NA,NA,"5510","Production [t]"
"21910.09","Olive Residues",NA,NA,NA,NA,"5510","Production [t]"
"21910.10","Cake of  Safflowerseed",NA,NA,NA,NA,"5510","Production [t]"
"21910.11","Cake of  Sesame seed",NA,NA,NA,NA,"5510","Production [t]"
"21910.12","Cake of  Mustard seed",NA,NA,NA,NA,"5510","Production [t]"
"21910.14","Cake of Kapok",NA,NA,NA,NA,"5510","Production [t]"
"21910.15","Cake of  Cottonseed",NA,NA,NA,NA,"5510","Production [t]"
"21910.16","Cake of  Linseed",NA,NA,NA,NA,"5510","Production [t]"
"21910.17","Cake of Hempseed",NA,NA,NA,NA,"5510","Production [t]"
"21910.90","Cake of Oilseeds nes",NA,NA,NA,NA,"5510","Production [t]"
"21920","Flours and meals of oil seeds or oleaginous fruits, except those of mustard",NA,NA,NA,NA,"5510","Production [t]"
"21931","Vegetable waxes (other than triglycerides)",NA,NA,NA,NA,"5510","Production [t]"
"21932.01","Degras",NA,NA,NA,NA,"5510","Production [t]"
"21932.02","Residues of Fatty Substances",NA,NA,NA,NA,"5510","Production [t]"
"22110.01","Standardized Milk",NA,NA,NA,NA,"5510","Production [t]"
"22110.02","Skim Milk of Cows",NA,NA,NA,NA,"5510","Production [t]"
"22110.03","Reconstituted Milk",NA,NA,NA,NA,"5510","Production [t]"
"22110.04","Skim Milk of Buffalo",NA,NA,NA,NA,"5510","Production [t]"
"22110.05","Skim Sheep Milk",NA,NA,NA,NA,"5510","Production [t]"
"22110.06","Skim Milk of Goat",NA,NA,NA,NA,"5510","Production [t]"
"22120","Cream, fresh",NA,NA,NA,NA,"5510","Production [t]"
"22130.01","Whey, Fresh",NA,NA,NA,NA,"5510","Production [t]"
"22130.02","Whey, dry",NA,NA,NA,NA,"5510","Production [t]"
"22130.03","Whey, Condensed",NA,NA,NA,NA,"5510","Production [t]"
"22211","Whole milk powder",NA,NA,NA,NA,"5510","Production [t]"
"22212","Skim milk and whey powder",NA,NA,NA,NA,"5510","Production [t]"
"22221.01","Whole Milk, Evaporated",NA,NA,NA,NA,"5510","Production [t]"
"22221.02","Skim Milk, Evaporated",NA,NA,NA,NA,"5510","Production [t]"
"22222.01","Whole Milk, Condensed",NA,NA,NA,NA,"5510","Production [t]"
"22222.02","Skim Milk, Condensed",NA,NA,NA,NA,"5510","Production [t]"
"22230.01","Yoghurt",NA,NA,NA,NA,"5510","Production [t]"
"22230.02","Yoghurt, with additives",NA,NA,NA,NA,"5510","Production [t]"
"22230.03","Buttermilk, curdled and acidified milk",NA,NA,NA,NA,"5510","Production [t]"
"22230.04","Buttermilk, dry",NA,NA,NA,NA,"5510","Production [t]"
"22241.01","Butter of Cow Milk",NA,NA,NA,NA,"5510","Production [t]"
"22241.02","Ghee from Cow Milk",NA,NA,NA,NA,"5510","Production [t]"
"22242.01","Butter of Buffalo Milk",NA,NA,NA,NA,"5510","Production [t]"
"22242.02","Ghee, from Buffalo Milk",NA,NA,NA,NA,"5510","Production [t]"
"22249.01","Butter and Ghee of Sheep Milk",NA,NA,NA,NA,"5510","Production [t]"
"22249.02","Butter of Goat Milk",NA,NA,NA,NA,"5510","Production [t]"
"22251.01","Cheese from Whole Cow Milk",NA,NA,NA,NA,"5510","Production [t]"
"22251.02","Cheese from Skimmed Cow Milk",NA,NA,NA,NA,"5510","Production [t]"
"22251.03","Whey Cheese",NA,NA,NA,NA,"5510","Production [t]"
"22251.04","Processed Cheese",NA,NA,NA,NA,"5510","Production [t]"
"22252","Cheese from milk of buffalo, fresh or processed",NA,NA,NA,NA,"5510","Production [t]"
"22253","Cheese from milk of sheep, fresh or processed",NA,NA,NA,NA,"5510","Production [t]"
"22254","Cheese from milk of goats, fresh or processed",NA,NA,NA,NA,"5510","Production [t]"
"22260","Casein",NA,NA,NA,NA,"5510","Production [t]"
"22270","Ice cream and other edible ice",NA,NA,NA,NA,"5510","Production [t]"
"22290","Dairy products n.e.",NA,NA,NA,NA,"5510","Production [t]"
"23110","Wheat and meslin flour",NA,NA,NA,NA,"5510","Production [t]"
"23120.01","Flour of Rice",NA,NA,NA,NA,"5510","Production [t]"
"23120.02","Barley Flour and Grits",NA,NA,NA,NA,"5510","Production [t]"
"23120.03","Flour of Maize",NA,NA,NA,NA,"5510","Production [t]"
"23120.04","Flour of Rye",NA,NA,NA,NA,"5510","Production [t]"
"23120.05","Flour of Millet",NA,NA,NA,NA,"5510","Production [t]"
"23120.06","Flour of Sorghum",NA,NA,NA,NA,"5510","Production [t]"
"23120.07","Flour of Buckwheat",NA,NA,NA,NA,"5510","Production [t]"
"23120.08","Flour of Fonio",NA,NA,NA,NA,"5510","Production [t]"
"23120.09","Flour of Triticale",NA,NA,NA,NA,"5510","Production [t]"
"23120.10","Flour of Mixed Grain",NA,NA,NA,NA,"5510","Production [t]"
"23120.90","Flour of Cereals nes",NA,NA,NA,NA,"5510","Production [t]"
"23140.01","Germ of Wheat",NA,NA,NA,NA,"5510","Production [t]"
"23140.02","Bulgur",NA,NA,NA,NA,"5510","Production [t]"
"23140.03","Breakfast Cereals",NA,NA,NA,NA,"5510","Production [t]"
"23140.04","Pot Barley",NA,NA,NA,NA,"5510","Production [t]"
"23140.05","Barley, Pearled",NA,NA,NA,NA,"5510","Production [t]"
"23140.06","Germ of Maize",NA,NA,NA,NA,"5510","Production [t]"
"23140.07","Oats, Rolled",NA,NA,NA,NA,"5510","Production [t]"
"23140.08","Cereal Preparations",NA,NA,NA,NA,"5510","Production [t]"
"23161.01","Rice, Milled (Husked)",NA,NA,NA,NA,"5510","Production [t]"
"23161.02","Rice, Milled",NA,NA,NA,NA,"5510","Production [t]"
"23161.03","Rice, Broken",NA,NA,NA,NA,"5510","Production [t]"
"23162","Husked rice",NA,NA,NA,NA,"5510","Production [t]"
"23170.01","Flour of Cassava",NA,NA,NA,NA,"5510","Production [t]"
"23170.02","Flour of Roots and Tubers nes",NA,NA,NA,NA,"5510","Production [t]"
"23170.03","Flour of Pulses",NA,NA,NA,NA,"5510","Production [t]"
"23170.04","Flour of Fruits",NA,NA,NA,NA,"5510","Production [t]"
"23180","Mixes and doughs for the preparation of bakers' wares",NA,NA,NA,NA,"5510","Production [t]"
"23210.01","Fructose, Chemically Pure",NA,NA,NA,NA,"5510","Production [t]"
"23210.02","Maltose, Chemically Pure",NA,NA,NA,NA,"5510","Production [t]"
"23210.03","Other Fructose and Syrup",NA,NA,NA,NA,"5510","Production [t]"
"23210.04","Sugar and Syrups nes",NA,NA,NA,NA,"5510","Production [t]"
"23210.05","Glucose and Dextrose",NA,NA,NA,NA,"5510","Production [t]"
"23210.06","Lactose",NA,NA,NA,NA,"5510","Production [t]"
"23210.08","Isoglucose",NA,NA,NA,NA,"5510","Production [t]"
"23220.01","Starch of Wheat",NA,NA,NA,NA,"5510","Production [t]"
"23220.02","Wheat Gluten",NA,NA,NA,NA,"5510","Production [t]"
"23220.03","Starch of Rice",NA,NA,NA,NA,"5510","Production [t]"
"23220.04","Starch of Maize",NA,NA,NA,NA,"5510","Production [t]"
"23220.05","Starch of Potatoes",NA,NA,NA,NA,"5510","Production [t]"
"23220.06","Starch of Cassava",NA,NA,NA,NA,"5510","Production [t]"
"23230.01","Tapioca of Potatoes",NA,NA,NA,NA,"5510","Production [t]"
"23230.02","Tapioca of Cassava",NA,NA,NA,NA,"5510","Production [t]"
"23311","Dog or cat food, put up for retail sale",NA,NA,NA,NA,"5510","Production [t]"
"23319.01","Compound Feed, Cattle",NA,NA,NA,NA,"5510","Production [t]"
"23319.02","Compound Feed, Poultry",NA,NA,NA,NA,"5510","Production [t]"
"23319.03","Compound Feed, Pigs",NA,NA,NA,NA,"5510","Production [t]"
"23319.04","Compound Feed nes",NA,NA,NA,NA,"5510","Production [t]"
"23319.06","Feed Supplements",NA,NA,NA,NA,"5510","Production [t]"
"23319.08","Other Concentrates nes",NA,NA,NA,NA,"5510","Production [t]"
"23319.09","Vitamins",NA,NA,NA,NA,"5510","Production [t]"
"23319.10","Feed Additives",NA,NA,NA,NA,"5510","Production [t]"
"23319.11","Feed Minerals",NA,NA,NA,NA,"5510","Production [t]"
"23320","Lucerne (alfalfa) meal and pellets",NA,NA,NA,NA,"5510","Production [t]"
"23490.01","Communion wafers, empty cachets of a kind suitable for pharmaceutical use, sealing wafers, rice paper and similar products.",NA,NA,NA,NA,"5510","Production [t]"
"23511.01","Cane sugar, centrifugal",NA,NA,NA,NA,"5510","Production [t]"
"23511.02","cane sugar, non-centrifugal",NA,NA,NA,NA,"5510","Production [t]"
"23512","Beet sugar",NA,NA,NA,NA,"5510","Production [t]"
"23520","Refined sugar",NA,NA,NA,NA,"5510","Production [t]"
"23530","Refined cane or beet sugar, in solid form, containing added flavouring or colouring matter; maple sugar and maple syrup",NA,NA,NA,NA,"5510","Production [t]"
"23540","Molasses (from beet, cane and maize)",NA,NA,NA,NA,"5510","Production [t]"
"23610.01","Cocoa paste not defatted",NA,NA,NA,NA,"5510","Production [t]"
"23620","Cocoa butter, fat and oil",NA,NA,NA,NA,"5510","Production [t]"
"23670.01","Sugar Confectionery",NA,NA,NA,NA,"5510","Production [t]"
"23670.02","Fruit, Nuts, Peel, Sugar Preserved",NA,NA,NA,NA,"5510","Production [t]"
"23710","Uncooked pasta, not stuffed or otherwise prepared",NA,NA,NA,NA,"5510","Production [t]"
"23911","Coffee, decaffeinated or roasted",NA,NA,NA,NA,"5510","Production [t]"
"23912.01","Coffee Substitutes",NA,NA,NA,NA,"5510","Production [t]"
"23912.02","Coffee Extracts",NA,NA,NA,NA,"5510","Production [t]"
"23914","Extracts, essences and concentrates of tea or mate, and preparations with a basis thereof or with a basis of tea or mat<U+FFFD>",NA,NA,NA,NA,"5510","Production [t]"
"23991.01","Infant Food",NA,NA,NA,NA,"5510","Production [t]"
"23991.02","Homogenized Vegetable Preparations",NA,NA,NA,NA,"5510","Production [t]"
"23991.03","Homogenized Cooked Fruit, Prepared",NA,NA,NA,NA,"5510","Production [t]"
"23991.04","Homogenized Meat Preparations",NA,NA,NA,NA,"5510","Production [t]"
"23993.01","Egg Albumin",NA,NA,NA,NA,"5510","Production [t]"
"23993.02","Eggs, Liquid",NA,NA,NA,NA,"5510","Production [t]"
"23993.03","Eggs, Dried",NA,NA,NA,NA,"5510","Production [t]"
"23995.01","Soya Sauce",NA,NA,NA,NA,"5510","Production [t]"
"23995.02","Soya Paste",NA,NA,NA,NA,"5510","Production [t]"
"23995.03","Flour of Mustard Seed",NA,NA,NA,NA,"5510","Production [t]"
"23999.01","Malt Extract",NA,NA,NA,NA,"5510","Production [t]"
"23999.02","Food Preparations of Flour, Meal or Malt Extract",NA,NA,NA,NA,"5510","Production [t]"
"23999.03","Soya Curd",NA,NA,NA,NA,"5510","Production [t]"
"23999.04","Pyrethrum Extract",NA,NA,NA,NA,"5510","Production [t]"
"24110","Undenatured ethyl alcohol of an alcoholic strength by volume of 80% vol or higher",NA,NA,NA,NA,"5510","Production [t]"
"2413","Undenatured ethyl alcohol of an alcoholic strength by volume of less than 80% vol; spirits, liqueurs and other spirituous beverages",NA,NA,NA,NA,"5510","Production [t]"
"24212.01","Must of Grape",NA,NA,NA,NA,"5510","Production [t]"
"24212.02","Wine",NA,NA,NA,NA,"5510","Production [t]"
"24220","Vermouth and other wine of fresh grapes flavoured with plats or aromatic substances",NA,NA,NA,NA,"5510","Production [t]"
"24230.01","Wheat-Fermented Beverages",NA,NA,NA,NA,"5510","Production [t]"
"24230.02","Rice-Fermented Beverages",NA,NA,NA,NA,"5510","Production [t]"
"24230.03","Cider and other fermented beverages",NA,NA,NA,NA,"5510","Production [t]"
"24310.01","Beer of Barley, malted",NA,NA,NA,NA,"5510","Production [t]"
"24310.02","Beer of Maize, malted",NA,NA,NA,NA,"5510","Production [t]"
"24310.03","Beer of Millet, malted",NA,NA,NA,NA,"5510","Production [t]"
"24310.04","Beer of Sorghum, malted",NA,NA,NA,NA,"5510","Production [t]"
"24320","Malt, whether or not roasted",NA,NA,NA,NA,"5510","Production [t]"
"24490","Other non-alcoholic caloric beverages n.e.c",NA,NA,NA,NA,"5510","Production [t]"
"25020.01","Cigarettes",NA,NA,NA,NA,"5510","Production [t]"
"25020.02","Cigars and Cheroots",NA,NA,NA,NA,"5510","Production [t]"
"25090","Other manufactured tobacco and manufactured tobacco substitutes; homogenized or reconstituted tobacco; tobacco extracts and essences",NA,NA,NA,NA,"5510","Production [t]"
"26110","Raw silk (not thrown)",NA,NA,NA,NA,"5510","Production [t]"
"26130","Wool, degreased or carbonized, not carded or combed",NA,NA,NA,NA,"5510","Production [t]"
"26150.01","Hair, Carded, Combed",NA,NA,NA,NA,"5510","Production [t]"
"26150.02","Wool Tops",NA,NA,NA,NA,"5510","Production [t]"
"26160","Cotton, carded or combed",NA,NA,NA,NA,"5510","Production [t]"
"26190.02","Flax tow and waste",NA,NA,NA,NA,"5510","Production [t]"
"34120","Industrial monocarboxylic fatty acids; acid oils from refining/n",NA,NA,NA,NA,"5510","Production [t]"
"34550","Animal or vegetable fats and oils and their fractions, chemically modified, except those hydrogenated, inter-esterified, re-esterified or elaidinized; inedible mixtures or preparations of animal or vegetable fats or oils/n",NA,NA,NA,NA,"5510","Production [t]"
"35410.01","Oil of citronella",NA,NA,NA,NA,"5510","Production [t]"
"35410.90","Essential oils nes",NA,NA,NA,NA,"5510","Production [t]"
"39110.01","Hair of horses",NA,NA,NA,NA,"5510","Production [t]"
"39120.01","Bran of Wheat",NA,NA,NA,NA,"5510","Production [t]"
"39120.02","Bran of Rice",NA,NA,NA,NA,"5510","Production [t]"
"39120.03","Bran of Barley",NA,NA,NA,NA,"5510","Production [t]"
"39120.04","Bran of Maize",NA,NA,NA,NA,"5510","Production [t]"
"39120.05","Bran of Rye",NA,NA,NA,NA,"5510","Production [t]"
"39120.06","Bran of Oats",NA,NA,NA,NA,"5510","Production [t]"
"39120.07","Bran of Millet",NA,NA,NA,NA,"5510","Production [t]"
"39120.08","Bran of Sorghum",NA,NA,NA,NA,"5510","Production [t]"
"39120.09","Bran of Buckwheat",NA,NA,NA,NA,"5510","Production [t]"
"39120.10","Bran of Fonio",NA,NA,NA,NA,"5510","Production [t]"
"39120.11","Bran of Triticale",NA,NA,NA,NA,"5510","Production [t]"
"39120.12","Bran of Mixed Grain",NA,NA,NA,NA,"5510","Production [t]"
"39120.13","Bran of Cereals nes",NA,NA,NA,NA,"5510","Production [t]"
"39120.14","Bran of Pulses",NA,NA,NA,NA,"5510","Production [t]"
"39120.15","Pulp, Waste of Fruit for Feed",NA,NA,NA,NA,"5510","Production [t]"
"39120.16","Beet Tops",NA,NA,NA,NA,"5510","Production [t]"
"39120.18","Marc of grape",NA,NA,NA,NA,"5510","Production [t]"
"39120.91","Vegetable Products for Feed nes",NA,NA,NA,NA,"5510","Production [t]"
"39120.92","Leaves, Tops and Vines n.e.",NA,NA,NA,NA,"5510","Production [t]"
"39130.01","Rice, Gluten",NA,NA,NA,NA,"5510","Production [t]"
"39130.02","Maize Gluten",NA,NA,NA,NA,"5510","Production [t]"
"39130.03","Potato Offals",NA,NA,NA,NA,"5510","Production [t]"
"39130.04","Gluten Feed and Meal",NA,NA,NA,NA,"5510","Production [t]"
"39140.01","Beet Pulp",NA,NA,NA,NA,"5510","Production [t]"
"39140.02","Bagasse",NA,NA,NA,NA,"5510","Production [t]"
"39150.01","Coffee Husks and Skins",NA,NA,NA,NA,"5510","Production [t]"
"39150.02","Cocoa Husks and Shells",NA,NA,NA,NA,"5510","Production [t]"
"39160","Brewing or distilling dregs and waste",NA,NA,NA,NA,"5510","Production [t]"
"39170.01","Food Wastes",NA,NA,NA,NA,"5510","Production [t]"
"39170.02","Food Waste, Prep. for Feed",NA,NA,NA,NA,"5510","Production [t]"
"39211","Silk waste",NA,NA,NA,NA,"5510","Production [t]"
"39213","Garnetted stock of wool or of fine or coarse animal hair",NA,NA,NA,NA,"5510","Production [t]"
"F0020","bread",NA,NA,NA,NA,"5510","Production [t]"
"F0022","pastry",NA,NA,NA,NA,"5510","Production [t]"
"F0235","prepared nuts",NA,NA,NA,NA,"5510","Production [t]"
"F0262","olives preserved",NA,NA,NA,NA,"5510","Production [t]"
"F0472","vegetables preserved nes (o/t vinegar)",NA,NA,NA,NA,"5510","Production [t]"
"F0473","vegetables frozen",NA,NA,NA,NA,"5510","Production [t]"
"F0475","vegetables preserved (frozen)",NA,NA,NA,NA,"5510","Production [t]"
"F0623","fruit prepared n.e.",NA,NA,NA,NA,"5510","Production [t]"
"F0665","cocoa powder and cake",NA,NA,NA,NA,"5510","Production [t]"
"F0666","chocolate products nes",NA,NA,NA,NA,"5510","Production [t]"
"F0769","cotton waste",NA,NA,NA,NA,"5510","Production [t]"
"F0875","beef and veal preparations nes",NA,NA,NA,NA,"5510","Production [t]"
"F0994","wool grease and lanolin",NA,NA,NA,NA,"5510","Production [t]"
"F1009","wool, hair waste",NA,NA,NA,NA,"5510","Production [t]"
"F1042","pig meat preparations",NA,NA,NA,NA,"5510","Production [t]"
"F1061","poultry meat preparations",NA,NA,NA,NA,"5510","Production [t]"
"F1172","meat prepared n.e.",NA,NA,NA,NA,"5510","Production [t]"
"F1217","leather, used and waste",NA,NA,NA,NA,"5510","Production [t]"
"F1223","oil from fish and marine mammals",NA,NA,NA,NA,"5510","Production [t]"
"F1232","food preparations n.e.",NA,NA,NA,NA,"5510","Production [t]"
"F1243","fat preparations n.e.",NA,NA,NA,NA,"5510","Production [t]"
"F1275","hydrogenated oils and fats",NA,NA,NA,NA,"5510","Production [t]"
"F1293","crude organic material n.e.",NA,NA,NA,NA,"5510","Production [t]"
"F1294","seeds for planting",NA,NA,NA,NA,"5510","Production [t]"
"2511","Wheat and products",NA,NA,NA,NA,"5510","Production [t]"
"2513","Barley and products",NA,NA,NA,NA,"5510","Production [t]"
"2514","Maize and products",NA,NA,NA,NA,"5510","Production [t]"
"2515","Rye and products",NA,NA,NA,NA,"5510","Production [t]"
"2516","Oats",NA,NA,NA,NA,"5510","Production [t]"
"2517","Millet and products",NA,NA,NA,NA,"5510","Production [t]"
"2518","Sorghum and products",NA,NA,NA,NA,"5510","Production [t]"
"2520","Cereals, Other",NA,NA,NA,NA,"5510","Production [t]"
"2531","Potatoes and products",NA,NA,NA,NA,"5510","Production [t]"
"2532","Cassava and products",NA,NA,NA,NA,"5510","Production [t]"
"2533","Sweet potatoes",NA,NA,NA,NA,"5510","Production [t]"
"2534","Roots, Other",NA,NA,NA,NA,"5510","Production [t]"
"2536","Sugar cane",NA,NA,NA,NA,"5510","Production [t]"
"2541","Sugar non-centrifugal",NA,NA,NA,NA,"5510","Production [t]"
"2542","Sugar (Raw Equivalent)",NA,NA,NA,NA,"5510","Production [t]"
"2543","Sweeteners, Other",NA,NA,NA,NA,"5510","Production [t]"
"2546","Beans",NA,NA,NA,NA,"5510","Production [t]"
"2547","Peas",NA,NA,NA,NA,"5510","Production [t]"
"2549","Pulses, Other and products",NA,NA,NA,NA,"5510","Production [t]"
"2551","Nuts and products",NA,NA,NA,NA,"5510","Production [t]"
"2555","Soyabeans",NA,NA,NA,NA,"5510","Production [t]"
"2556","Groundnuts (Shelled Eq)",NA,NA,NA,NA,"5510","Production [t]"
"2558","Rape and Mustardseed",NA,NA,NA,NA,"5510","Production [t]"
"2560","Coconuts - Incl Copra",NA,NA,NA,NA,"5510","Production [t]"
"2561","Sesame seed",NA,NA,NA,NA,"5510","Production [t]"
"2563","Olives (including preserved)",NA,NA,NA,NA,"5510","Production [t]"
"2570","Oilcrops, Other",NA,NA,NA,NA,"5510","Production [t]"
"2571","Soyabean Oil",NA,NA,NA,NA,"5510","Production [t]"
"2572","Groundnut Oil",NA,NA,NA,NA,"5510","Production [t]"
"2573","Sunflowerseed Oil",NA,NA,NA,NA,"5510","Production [t]"
"2574","Rape and Mustard Oil",NA,NA,NA,NA,"5510","Production [t]"
"2575","Cottonseed Oil",NA,NA,NA,NA,"5510","Production [t]"
"2576","Palmkernel Oil",NA,NA,NA,NA,"5510","Production [t]"
"2578","Coconut Oil",NA,NA,NA,NA,"5510","Production [t]"
"2579","Sesameseed Oil",NA,NA,NA,NA,"5510","Production [t]"
"2580","Olive Oil",NA,NA,NA,NA,"5510","Production [t]"
"2581","Ricebran Oil",NA,NA,NA,NA,"5510","Production [t]"
"2582","Maize Germ Oil",NA,NA,NA,NA,"5510","Production [t]"
"2586","Oilcrops Oil",NA,NA,NA,NA,"5510","Production [t]"
"2601","Tomatoes and products",NA,NA,NA,NA,"5510","Production [t]"
"2602","Onions",NA,NA,NA,NA,"5510","Production [t]"
"2605","Vegetables, Other",NA,NA,NA,NA,"5510","Production [t]"
"2611","Oranges, Mandarines",NA,NA,NA,NA,"5510","Production [t]"
"2612","Lemons, Limes and products",NA,NA,NA,NA,"5510","Production [t]"
"2613","Grapefruit and products",NA,NA,NA,NA,"5510","Production [t]"
"2616","Plantains",NA,NA,NA,NA,"5510","Production [t]"
"2617","Apples and products",NA,NA,NA,NA,"5510","Production [t]"
"2618","Pineapples and products",NA,NA,NA,NA,"5510","Production [t]"
"2619","Dates",NA,NA,NA,NA,"5510","Production [t]"
"2620","Grapes and products (excl wine)",NA,NA,NA,NA,"5510","Production [t]"
"2625","Fruits, Other",NA,NA,NA,NA,"5510","Production [t]"
"2630","Coffee and products",NA,NA,NA,NA,"5510","Production [t]"
"2633","Cocoa Beans and products",NA,NA,NA,NA,"5510","Production [t]"
"2635","Tea (including mate)",NA,NA,NA,NA,"5510","Production [t]"
"2640","Pepper",NA,NA,NA,NA,"5510","Production [t]"
"2641","Pimento",NA,NA,NA,NA,"5510","Production [t]"
"2642","Cloves",NA,NA,NA,NA,"5510","Production [t]"
"2645","Spices, Other",NA,NA,NA,NA,"5510","Production [t]"
"2655","Wine",NA,NA,NA,NA,"5510","Production [t]"
"2656","Beer",NA,NA,NA,NA,"5510","Production [t]"
"2657","Beverages, Fermented",NA,NA,NA,NA,"5510","Production [t]"
"2658","Beverages, Alcoholic",NA,NA,NA,NA,"5510","Production [t]"
"2680","Infant food",NA,NA,NA,NA,"5510","Production [t]"
"2731","Bovine Meat",NA,NA,NA,NA,"5510","Production [t]"
"2732","Mutton & Goat Meat",NA,NA,NA,NA,"5510","Production [t]"
"2733","Pigmeat",NA,NA,NA,NA,"5510","Production [t]"
"2734","Poultry Meat",NA,NA,NA,NA,"5510","Production [t]"
"2735","Meat, Other",NA,NA,NA,NA,"5510","Production [t]"
"2736","Offals, Edible",NA,NA,NA,NA,"5510","Production [t]"
"2737","Fats, Animals, Raw",NA,NA,NA,NA,"5510","Production [t]"
"2740","Butter, Ghee",NA,NA,NA,NA,"5510","Production [t]"
"2743","Cream",NA,NA,NA,NA,"5510","Production [t]"
"2744","Eggs",NA,NA,NA,NA,"5510","Production [t]"
"2745","Honey",NA,NA,NA,NA,"5510","Production [t]"
"2761","Freshwater Fish",NA,NA,NA,NA,"5510","Production [t]"
"2762","Demersal Fish",NA,NA,NA,NA,"5510","Production [t]"
"2763","Pelagic Fish",NA,NA,NA,NA,"5510","Production [t]"
"2764","Marine Fish, Other",NA,NA,NA,NA,"5510","Production [t]"
"2765","Crustaceans",NA,NA,NA,NA,"5510","Production [t]"
"2766","Cephalopods",NA,NA,NA,NA,"5510","Production [t]"
"2767","Molluscs, Other",NA,NA,NA,NA,"5510","Production [t]"
"2769","Aquatic Animals, Others",NA,NA,NA,NA,"5510","Production [t]"
"2775","Aquatic Plants",NA,NA,NA,NA,"5510","Production [t]"
"2781","Fish, Body Oil",NA,NA,NA,NA,"5510","Production [t]"
"2782","Fish, Liver Oil",NA,NA,NA,NA,"5510","Production [t]"
"2805","Rice (Milled Equivalent)",NA,NA,NA,NA,"5510","Production [t]"
"2848","Milk - Excluding Butter",NA,NA,NA,NA,"5510","Production [t]"
"2899","Miscellaneous",NA,NA,NA,NA,"5510","Production [t]"
"2901","Grand Total",NA,NA,NA,NA,"5510","Production [t]"
"2903","Vegetal Products",NA,NA,NA,NA,"5510","Production [t]"
"2905","Cereals - Excluding Beer",NA,NA,NA,NA,"5510","Production [t]"
"2907","Starchy Roots",NA,NA,NA,NA,"5510","Production [t]"
"2908","Sugar Crops",NA,NA,NA,NA,"5510","Production [t]"
"2909","Sugar & Sweeteners",NA,NA,NA,NA,"5510","Production [t]"
"2911","Pulses",NA,NA,NA,NA,"5510","Production [t]"
"2912","Treenuts",NA,NA,NA,NA,"5510","Production [t]"
"2913","Oilcrops",NA,NA,NA,NA,"5510","Production [t]"
"2914","Vegetable Oils",NA,NA,NA,NA,"5510","Production [t]"
"2918","Vegetables",NA,NA,NA,NA,"5510","Production [t]"
"2919","Fruits - Excluding Wine",NA,NA,NA,NA,"5510","Production [t]"
"2922","Stimulants",NA,NA,NA,NA,"5510","Production [t]"
"2923","Spices",NA,NA,NA,NA,"5510","Production [t]"
"2924","Alcoholic Beverages",NA,NA,NA,NA,"5510","Production [t]"
"2928","Miscellaneous",NA,NA,NA,NA,"5510","Production [t]"
"2941","Animal Products",NA,NA,NA,NA,"5510","Production [t]"
"2943","Meat",NA,NA,NA,NA,"5510","Production [t]"
"2945","Offals",NA,NA,NA,NA,"5510","Production [t]"
"2946","Animal fats",NA,NA,NA,NA,"5510","Production [t]"
"2948","Milk - Excluding Butter",NA,NA,NA,NA,"5510","Production [t]"
"2949","Eggs",NA,NA,NA,NA,"5510","Production [t]"
"2960","Fish, Seafood",NA,NA,NA,NA,"5510","Production [t]"
"2961","Aquatic Products, Other",NA,NA,NA,NA,"5510","Production [t]"
