"geographicAreaM49","measuredElementSuaFbs","measuredItemParentCPC","measuredItemChildCPC","timePointYears","Value","flagObservationStatus","flagMethod"
"398","share_Up","0111","23110","2022",0.975,"I","c"
"398","share_Up","0111","23110","2021",0.905,"I","c"
"398","share_Up","0111","23110","2020",0.88,"I","c"
"398","share_Up","0111","23110","2019",0.94807,"I","c"
"398","share_Up","0111","23110","2018",0.95,"I","c"
"398","share_Up","0111","23110","2017",0.98,"I","c"
"398","share_Up","0111","23110","2016",0.989,"I","c"
"398","share_Up","0111","23110","2015",0.974,"I","c"
"398","share_Up","0111","23110","2014",0.9445,"I","c"
"398","share_Up","0111","23140.01","2022",0.975,"I","c"
"398","share_Up","0111","23140.01","2021",0.905,"I","c"
"398","share_Up","0111","23140.01","2020",0.88,"I","c"
"398","share_Up","0111","23140.01","2019",0.94807,"I","c"
"398","share_Up","0111","23140.01","2018",0.95,"I","c"
"398","share_Up","0111","23140.01","2017",0.98,"I","c"
"398","share_Up","0111","23140.01","2016",0.989,"I","c"
"398","share_Up","0111","23140.01","2015",0.974,"I","c"
"398","share_Up","0111","23140.01","2014",0.9445,"I","c"
"398","share_Up","0111","24110","2022",0.006,"I","c"
"398","share_Up","0111","24110","2021",0.025,"I","c"
"398","share_Up","0111","24110","2020",0.01,"I","c"
"398","share_Up","0111","24110","2019",0.0004972976,"I","c"
"398","share_Up","0111","24110","2018",0.0004972976,"I","c"
"398","share_Up","0111","24110","2017",1e-04,"I","c"
"398","share_Up","0111","24110","2016",0.0004922202,"I","c"
"398","share_Up","0111","24110","2015",2e-04,"I","c"
"398","share_Up","0111","24110","2014",0.001,"I","c"
"398","share_Up","0111","2413","2022",0.002,"I","c"
"398","share_Up","0111","2413","2021",0.0204327927,"I","c"
"398","share_Up","0111","2413","2020",0.05,"I","c"
"398","share_Up","0111","2413","2019",0.0204327927,"I","c"
"398","share_Up","0111","2413","2018",0.0204327927,"I","c"
"398","share_Up","0111","2413","2017",1e-06,"I","c"
"398","share_Up","0111","2413","2016",0.001,"I","c"
"398","share_Up","0111","2413","2015",1e-05,"I","c"
"398","share_Up","0111","2413","2014",0.0282,"T","-"
"398","share_Up","0111","24320","2022",0.02,"I","c"
"398","share_Up","0111","24320","2021",0.05,"I","c"
"398","share_Up","0111","24320","2020",0.06,"I","c"
"398","share_Up","0111","24320","2019",0.031,"I","c"
"398","share_Up","0111","24320","2018",0.02907,"I","c"
"398","share_Up","0111","24320","2017",0.019899,"I","c"
"398","share_Up","0111","24320","2016",0.008508,"I","c"
"398","share_Up","0111","24320","2015",0.02579,"I","c"
"398","share_Up","0111","24320","2014",0.0263,"I","c"
"398","share_Up","0111","39120.01","2022",0.975,"I","c"
"398","share_Up","0111","39120.01","2021",0.905,"I","c"
"398","share_Up","0111","39120.01","2020",0.88,"I","c"
"398","share_Up","0111","39120.01","2019",0.94807,"I","c"
"398","share_Up","0111","39120.01","2018",0.95,"I","c"
"398","share_Up","0111","39120.01","2017",0.98,"I","c"
"398","share_Up","0111","39120.01","2016",0.989,"I","c"
"398","share_Up","0111","39120.01","2015",0.974,"I","c"
"398","share_Up","0111","39120.01","2014",0.9445,"I","c"
"398","share_Up","0112","23120.03","2022",1,"I","c"
"398","share_Up","0112","23120.03","2021",1,"I","c"
"398","share_Up","0112","23120.03","2020",1,"I","c"
"398","share_Up","0112","23120.03","2019",1,"I","c"
"398","share_Up","0112","23120.03","2018",1,"I","c"
"398","share_Up","0112","23120.03","2017",1,"I","c"
"398","share_Up","0112","23120.03","2016",1,"I","c"
"398","share_Up","0112","23120.03","2015",1,"I","c"
"398","share_Up","0112","23120.03","2014",1,"I","c"
"398","share_Up","0112","23140.06","2022",1,"I","c"
"398","share_Up","0112","23140.06","2021",1,"I","c"
"398","share_Up","0112","23140.06","2020",1,"I","c"
"398","share_Up","0112","23140.06","2019",1,"I","c"
"398","share_Up","0112","23140.06","2018",1,"I","c"
"398","share_Up","0112","23140.06","2017",1,"I","c"
"398","share_Up","0112","23140.06","2016",1,"I","c"
"398","share_Up","0112","23140.06","2015",1,"I","c"
"398","share_Up","0112","23140.06","2014",1,"I","c"
"398","share_Up","0112","39120.04","2022",1,"I","c"
"398","share_Up","0112","39120.04","2021",1,"I","c"
"398","share_Up","0112","39120.04","2020",1,"I","c"
"398","share_Up","0112","39120.04","2019",1,"I","c"
"398","share_Up","0112","39120.04","2018",1,"I","c"
"398","share_Up","0112","39120.04","2017",1,"I","c"
"398","share_Up","0112","39120.04","2016",1,"I","c"
"398","share_Up","0112","39120.04","2015",1,"I","c"
"398","share_Up","0112","39120.04","2014",1,"I","c"
"398","share_Up","0113","23161.02","2022",0.8778346905,"I","c"
"398","share_Up","0113","23161.02","2021",0.8778346905,"I","c"
"398","share_Up","0113","23161.02","2020",0.8778346905,"I","c"
"398","share_Up","0113","23161.02","2019",0.8778346905,"I","c"
"398","share_Up","0113","23161.02","2018",0.8778346905,"I","c"
"398","share_Up","0113","23161.02","2017",0.8786774363,"I","c"
"398","share_Up","0113","23161.02","2016",0.8777580772,"I","c"
"398","share_Up","0113","23161.02","2015",0.8770685579,"I","c"
"398","share_Up","0113","23161.02","2014",0.8812056738,"I","c"
"398","share_Up","0113","23162","2022",0.1221653095,"I","c"
"398","share_Up","0113","23162","2021",0.1221653095,"I","c"
"398","share_Up","0113","23162","2020",0.1221653095,"I","c"
"398","share_Up","0113","23162","2019",0.1221653095,"I","c"
"398","share_Up","0113","23162","2018",0.1221653095,"I","c"
"398","share_Up","0113","23162","2017",0.1213225637,"I","c"
"398","share_Up","0113","23162","2016",0.1222419228,"I","c"
"398","share_Up","0113","23162","2015",0.1229314421,"I","c"
"398","share_Up","0113","23162","2014",0.1187943262,"I","c"
"398","share_Up","0113","39120.02","2022",0.8778346905,"I","c"
"398","share_Up","0113","39120.02","2021",0.8778346905,"I","c"
"398","share_Up","0113","39120.02","2020",0.8778346905,"I","c"
"398","share_Up","0113","39120.02","2019",0.8778346905,"I","c"
"398","share_Up","0113","39120.02","2018",0.8778346905,"I","c"
"398","share_Up","0113","39120.02","2017",0.8786774363,"I","c"
"398","share_Up","0113","39120.02","2016",0.8777580772,"I","c"
"398","share_Up","0113","39120.02","2015",0.8770685579,"I","c"
"398","share_Up","0113","39120.02","2014",0.8812056738,"I","c"
"398","share_Up","0115","23140.04","2022",0.5230214507,"I","c"
"398","share_Up","0115","23140.04","2021",0.5230214507,"I","c"
"398","share_Up","0115","23140.04","2020",0.5230214507,"I","c"
"398","share_Up","0115","23140.04","2019",0.5230214507,"I","c"
"398","share_Up","0115","23140.04","2018",0.5230214507,"I","c"
"398","share_Up","0115","23140.04","2017",0.5227089326,"I","c"
"398","share_Up","0115","23140.04","2016",0.35,"I","c"
"398","share_Up","0115","23140.04","2015",0.5185453998,"I","c"
"398","share_Up","0115","23140.04","2014",0.5217713783,"I","c"
"398","share_Up","0115","2413","2022",0.2832845891,"I","c"
"398","share_Up","0115","2413","2021",0.2832845891,"I","c"
"398","share_Up","0115","2413","2020",0.2832845891,"I","c"
"398","share_Up","0115","2413","2019",0.2832845891,"I","c"
"398","share_Up","0115","2413","2018",0.2832845891,"I","c"
"398","share_Up","0115","2413","2017",0.282436245,"I","c"
"398","share_Up","0115","2413","2016",0.001,"I","c"
"398","share_Up","0115","2413","2015",0.2830489085,"I","c"
"398","share_Up","0115","2413","2014",0.2798912129,"T","-"
"398","share_Up","0115","24320","2022",0.1936939602,"I","c"
"398","share_Up","0115","24320","2021",0.1936939602,"I","c"
"398","share_Up","0115","24320","2020",0.1936939602,"I","c"
"398","share_Up","0115","24320","2019",0.1936939602,"I","c"
"398","share_Up","0115","24320","2018",0.1936939602,"I","c"
"398","share_Up","0115","24320","2017",0.1948548223,"I","c"
"398","share_Up","0115","24320","2016",0.649,"I","c"
"398","share_Up","0115","24320","2015",0.1984056918,"I","c"
"398","share_Up","0115","24320","2014",0.1983374088,"I","c"
"398","share_Up","0115","39120.03","2022",0.5230214507,"I","c"
"398","share_Up","0115","39120.03","2021",0.5230214507,"I","c"
"398","share_Up","0115","39120.03","2020",0.5230214507,"I","c"
"398","share_Up","0115","39120.03","2019",0.5230214507,"I","c"
"398","share_Up","0115","39120.03","2018",0.5230214507,"I","c"
"398","share_Up","0115","39120.03","2017",0.5227089326,"I","c"
"398","share_Up","0115","39120.03","2016",0.35,"I","c"
"398","share_Up","0115","39120.03","2015",0.5185453998,"I","c"
"398","share_Up","0115","39120.03","2014",0.5217713783,"I","c"
"398","share_Up","0116","23120.04","2022",1,"I","c"
"398","share_Up","0116","23120.04","2021",1,"I","c"
"398","share_Up","0116","23120.04","2020",1,"I","c"
"398","share_Up","0116","23120.04","2019",1,"I","c"
"398","share_Up","0116","23120.04","2018",1,"I","c"
"398","share_Up","0116","23120.04","2017",1,"I","c"
"398","share_Up","0116","23120.04","2016",1,"I","c"
"398","share_Up","0116","23120.04","2015",1,"I","c"
"398","share_Up","0116","23120.04","2014",1,"I","c"
"398","share_Up","0116","39120.05","2022",1,"I","c"
"398","share_Up","0116","39120.05","2021",1,"I","c"
"398","share_Up","0116","39120.05","2020",1,"I","c"
"398","share_Up","0116","39120.05","2019",1,"I","c"
"398","share_Up","0116","39120.05","2018",1,"I","c"
"398","share_Up","0116","39120.05","2017",1,"I","c"
"398","share_Up","0116","39120.05","2016",1,"I","c"
"398","share_Up","0116","39120.05","2015",1,"I","c"
"398","share_Up","0116","39120.05","2014",1,"I","c"
"398","share_Up","0117","23140.07","2022",1,"I","c"
"398","share_Up","0117","23140.07","2021",1,"I","c"
"398","share_Up","0117","23140.07","2020",1,"I","c"
"398","share_Up","0117","23140.07","2019",1,"I","c"
"398","share_Up","0117","23140.07","2018",1,"I","c"
"398","share_Up","0117","23140.07","2017",1,"I","c"
"398","share_Up","0117","23140.07","2016",1,"I","c"
"398","share_Up","0117","23140.07","2015",1,"I","c"
"398","share_Up","0117","23140.07","2014",1,"I","c"
"398","share_Up","0117","39120.06","2022",1,"I","c"
"398","share_Up","0117","39120.06","2021",1,"I","c"
"398","share_Up","0117","39120.06","2020",1,"I","c"
"398","share_Up","0117","39120.06","2019",1,"I","c"
"398","share_Up","0117","39120.06","2018",1,"I","c"
"398","share_Up","0117","39120.06","2017",1,"I","c"
"398","share_Up","0117","39120.06","2016",1,"I","c"
"398","share_Up","0117","39120.06","2015",1,"I","c"
"398","share_Up","0117","39120.06","2014",1,"I","c"
"398","share_Up","0118","23120.05","2022",1,"I","c"
"398","share_Up","0118","23120.05","2021",1,"I","c"
"398","share_Up","0118","23120.05","2020",1,"I","c"
"398","share_Up","0118","23120.05","2019",1,"I","c"
"398","share_Up","0118","23120.05","2018",1,"I","c"
"398","share_Up","0118","23120.05","2017",1,"I","c"
"398","share_Up","0118","23120.05","2016",1,"I","c"
"398","share_Up","0118","23120.05","2015",1,"I","c"
"398","share_Up","0118","23120.05","2014",1,"I","c"
"398","share_Up","0118","39120.07","2022",1,"I","c"
"398","share_Up","0118","39120.07","2021",1,"I","c"
"398","share_Up","0118","39120.07","2020",1,"I","c"
"398","share_Up","0118","39120.07","2019",1,"I","c"
"398","share_Up","0118","39120.07","2018",1,"I","c"
"398","share_Up","0118","39120.07","2017",1,"I","c"
"398","share_Up","0118","39120.07","2016",1,"I","c"
"398","share_Up","0118","39120.07","2015",1,"I","c"
"398","share_Up","0118","39120.07","2014",1,"I","c"
"398","share_Up","01192","23120.07","2022",1,"I","c"
"398","share_Up","01192","23120.07","2021",1,"I","c"
"398","share_Up","01192","23120.07","2020",1,"I","c"
"398","share_Up","01192","23120.07","2019",1,"I","c"
"398","share_Up","01192","23120.07","2018",1,"I","c"
"398","share_Up","01192","23120.07","2017",1,"I","c"
"398","share_Up","01192","23120.07","2016",1,"I","c"
"398","share_Up","01192","23120.07","2015",1,"I","c"
"398","share_Up","01192","23120.07","2014",1,"I","c"
"398","share_Up","01192","39120.09","2022",1,"I","c"
"398","share_Up","01192","39120.09","2021",1,"I","c"
"398","share_Up","01192","39120.09","2020",1,"I","c"
"398","share_Up","01192","39120.09","2019",1,"I","c"
"398","share_Up","01192","39120.09","2018",1,"I","c"
"398","share_Up","01192","39120.09","2017",1,"I","c"
"398","share_Up","01192","39120.09","2016",1,"I","c"
"398","share_Up","01192","39120.09","2015",1,"I","c"
"398","share_Up","01192","39120.09","2014",1,"I","c"
"398","share_Up","01199.90","23120.90","2022",1,"I","c"
"398","share_Up","01199.90","23120.90","2021",1,"I","c"
"398","share_Up","01199.90","23120.90","2020",1,"I","c"
"398","share_Up","01199.90","23120.90","2019",1,"I","c"
"398","share_Up","01199.90","23120.90","2018",1,"I","c"
"398","share_Up","01199.90","23120.90","2017",1,"I","c"
"398","share_Up","01199.90","23120.90","2016",1,"I","c"
"398","share_Up","01199.90","23120.90","2015",1,"I","c"
"398","share_Up","01199.90","23120.90","2014",1,"I","c"
"398","share_Up","01199.90","39120.13","2022",1,"I","c"
"398","share_Up","01199.90","39120.13","2021",1,"I","c"
"398","share_Up","01199.90","39120.13","2020",1,"I","c"
"398","share_Up","01199.90","39120.13","2019",1,"I","c"
"398","share_Up","01199.90","39120.13","2018",1,"I","c"
"398","share_Up","01199.90","39120.13","2017",1,"I","c"
"398","share_Up","01199.90","39120.13","2016",1,"I","c"
"398","share_Up","01199.90","39120.13","2015",1,"I","c"
"398","share_Up","01199.90","39120.13","2014",1,"I","c"
"398","share_Up","01221","24110","2022",0.0254861119,"I","c"
"398","share_Up","01221","24110","2021",0.0254861119,"I","c"
"398","share_Up","01221","24110","2020",0.0254861119,"I","c"
"398","share_Up","01221","24110","2019",0.0254861119,"I","c"
"398","share_Up","01221","24110","2018",0.0254861119,"I","c"
"398","share_Up","01221","24110","2017",0.0261590297,"I","c"
"398","share_Up","01221","24110","2016",0.0240609937,"I","c"
"398","share_Up","01221","24110","2015",0.0262383123,"I","c"
"398","share_Up","01221","24110","2014",0.0281777831,"I","c"
"398","share_Up","01221","2413","2022",0.9745138881,"I","c"
"398","share_Up","01221","2413","2021",0.9745138881,"I","c"
"398","share_Up","01221","2413","2020",0.9745138881,"I","c"
"398","share_Up","01221","2413","2019",0.9745138881,"I","c"
"398","share_Up","01221","2413","2018",0.9745138881,"I","c"
"398","share_Up","01221","2413","2017",0.9738409703,"I","c"
"398","share_Up","01221","2413","2016",0.9759390063,"I","c"
"398","share_Up","01221","2413","2015",0.9737616877,"I","c"
"398","share_Up","01221","2413","2014",0.9718222169,"T","-"
"398","share_Up","01234","21399.01","2022",0.2857142857,"I","c"
"398","share_Up","01234","21399.01","2021",0.2857142857,"I","c"
"398","share_Up","01234","21399.01","2020",0.2857142857,"I","c"
"398","share_Up","01234","21399.01","2019",0.2857142857,"I","c"
"398","share_Up","01234","21399.01","2018",0.2857142857,"I","c"
"398","share_Up","01234","21399.01","2017",0.2857142857,"I","c"
"398","share_Up","01234","21399.01","2016",0.2857142857,"I","c"
"398","share_Up","01234","21399.01","2015",0.2857142857,"I","c"
"398","share_Up","01234","21399.01","2014",0.2857142857,"I","c"
"398","share_Up","01234","21399.02","2022",0.7142857143,"I","c"
"398","share_Up","01234","21399.02","2021",0.7142857143,"I","c"
"398","share_Up","01234","21399.02","2020",0.7142857143,"I","c"
"398","share_Up","01234","21399.02","2019",0.7142857143,"I","c"
"398","share_Up","01234","21399.02","2018",0.7142857143,"I","c"
"398","share_Up","01234","21399.02","2017",0.7142857143,"I","c"
"398","share_Up","01234","21399.02","2016",0.7142857143,"I","c"
"398","share_Up","01234","21399.02","2015",0.7142857143,"I","c"
"398","share_Up","01234","21399.02","2014",0.7142857143,"I","c"
"398","share_Up","01270","21393.01","2022",1,"I","c"
"398","share_Up","01270","21393.01","2021",1,"I","c"
"398","share_Up","01270","21393.01","2020",1,"I","c"
"398","share_Up","01270","21393.01","2019",1,"I","c"
"398","share_Up","01270","21393.01","2018",1,"I","c"
"398","share_Up","01270","21393.01","2017",1,"I","c"
"398","share_Up","01270","21393.01","2016",1,"I","c"
"398","share_Up","01270","21393.01","2015",1,"I","c"
"398","share_Up","01270","21393.01","2014",1,"I","c"
"398","share_Up","01290.90","21330.90","2022",0.3333333333,"I","c"
"398","share_Up","01290.90","21330.90","2021",0.3333333333,"I","c"
"398","share_Up","01290.90","21330.90","2020",0.3333333333,"I","c"
"398","share_Up","01290.90","21330.90","2019",0.3333333333,"I","c"
"398","share_Up","01290.90","21330.90","2018",0.3333333333,"I","c"
"398","share_Up","01290.90","21330.90","2017",0.3333333333,"I","c"
"398","share_Up","01290.90","21330.90","2016",0.3333333333,"I","c"
"398","share_Up","01290.90","21330.90","2015",0.3333333333,"I","c"
"398","share_Up","01290.90","21330.90","2014",0.3333333333,"I","c"
"398","share_Up","01290.90","21393.90","2022",0.3333333333,"I","c"
"398","share_Up","01290.90","21393.90","2021",0.3333333333,"I","c"
"398","share_Up","01290.90","21393.90","2020",0.3333333333,"I","c"
"398","share_Up","01290.90","21393.90","2019",0.3333333333,"I","c"
"398","share_Up","01290.90","21393.90","2018",0.3333333333,"I","c"
"398","share_Up","01290.90","21393.90","2017",0.3333333333,"I","c"
"398","share_Up","01290.90","21393.90","2016",0.3333333333,"I","c"
"398","share_Up","01290.90","21393.90","2015",0.3333333333,"I","c"
"398","share_Up","01290.90","21393.90","2014",0.3333333333,"I","c"
"398","share_Up","01290.90","F0473","2022",0.3333333333,"I","c"
"398","share_Up","01290.90","F0473","2021",0.3333333333,"I","c"
"398","share_Up","01290.90","F0473","2020",0.3333333333,"I","c"
"398","share_Up","01290.90","F0473","2019",0.3333333333,"I","c"
"398","share_Up","01290.90","F0473","2018",0.3333333333,"I","c"
"398","share_Up","01290.90","F0473","2017",0.3333333333,"I","c"
"398","share_Up","01290.90","F0473","2016",0.3333333333,"I","c"
"398","share_Up","01290.90","F0473","2015",0.3333333333,"I","c"
"398","share_Up","01290.90","F0473","2014",0.3333333333,"I","c"
"398","share_Up","01329","21439.04","2022",1,"I","c"
"398","share_Up","01329","21439.04","2021",1,"I","c"
"398","share_Up","01329","21439.04","2020",1,"I","c"
"398","share_Up","01329","21439.04","2019",1,"I","c"
"398","share_Up","01329","21439.04","2018",1,"I","c"
"398","share_Up","01329","21439.04","2017",1,"I","c"
"398","share_Up","01329","21439.04","2016",1,"I","c"
"398","share_Up","01329","21439.04","2015",1,"I","c"
"398","share_Up","01329","21439.04","2014",1,"I","c"
"398","share_Up","01330","21411","2022",0.0046337684,"I","c"
"398","share_Up","01330","21411","2021",0.0046337684,"I","c"
"398","share_Up","01330","21411","2020",0.0046337684,"I","c"
"398","share_Up","01330","21411","2019",0.0046337684,"I","c"
"398","share_Up","01330","21411","2018",0.0046337684,"I","c"
"398","share_Up","01330","21411","2017",0.0046855746,"I","c"
"398","share_Up","01330","21411","2016",0.0045062732,"I","c"
"398","share_Up","01330","21411","2015",0.0047094573,"I","c"
"398","share_Up","01330","21411","2014",0.0048409935,"I","c"
"398","share_Up","01330","24212.01","2022",0.343563507,"T","-"
"398","share_Up","01330","24212.01","2021",0.343563507,"T","-"
"398","share_Up","01330","24212.01","2020",0.343563507,"T","-"
"398","share_Up","01330","24212.01","2019",0.343563507,"T","-"
"398","share_Up","01330","24212.01","2018",0.3721377668,"T","-"
"398","share_Up","01330","24212.01","2017",0.3993847159,"T","-"
"398","share_Up","01330","24212.01","2016",0.4032231244,"T","-"
"398","share_Up","01330","24212.01","2015",0.3766195022,"T","-"
"398","share_Up","01330","24212.01","2014",0.4094215622,"T","-"
"398","share_Up","01330","24212.02","2022",0.6518027246,"T","-"
"398","share_Up","01330","24212.02","2021",0.6518027246,"T","-"
"398","share_Up","01330","24212.02","2020",0.6518027246,"T","-"
"398","share_Up","01330","24212.02","2019",0.6518027246,"T","-"
"398","share_Up","01330","24212.02","2018",0.6232284648,"T","-"
"398","share_Up","01330","24212.02","2017",0.5959297095,"T","-"
"398","share_Up","01330","24212.02","2016",0.5922706024,"T","-"
"398","share_Up","01330","24212.02","2015",0.6186710405,"T","-"
"398","share_Up","01330","24212.02","2014",0.5857374443,"T","-"
"398","share_Up","01341","21419.99","2022",0.4,"I","c"
"398","share_Up","01341","21419.99","2021",0.4,"I","c"
"398","share_Up","01341","21419.99","2020",0.4,"I","c"
"398","share_Up","01341","21419.99","2019",0.4,"I","c"
"398","share_Up","01341","21419.99","2018",0.4,"I","c"
"398","share_Up","01341","21419.99","2017",0.4,"I","c"
"398","share_Up","01341","21419.99","2016",0.4,"I","c"
"398","share_Up","01341","21419.99","2015",0.4,"I","c"
"398","share_Up","01341","21419.99","2014",0.4,"I","c"
"398","share_Up","01341","21435.01","2022",0.4,"I","c"
"398","share_Up","01341","21435.01","2021",0.4,"I","c"
"398","share_Up","01341","21435.01","2020",0.4,"I","c"
"398","share_Up","01341","21435.01","2019",0.4,"I","c"
"398","share_Up","01341","21435.01","2018",0.4,"I","c"
"398","share_Up","01341","21435.01","2017",0.4,"I","c"
"398","share_Up","01341","21435.01","2016",0.4,"I","c"
"398","share_Up","01341","21435.01","2015",0.4,"I","c"
"398","share_Up","01341","21435.01","2014",0.4,"I","c"
"398","share_Up","01341","24230.03","2022",0.2,"I","c"
"398","share_Up","01341","24230.03","2021",0.2,"I","c"
"398","share_Up","01341","24230.03","2020",0.2,"I","c"
"398","share_Up","01341","24230.03","2019",0.2,"I","c"
"398","share_Up","01341","24230.03","2018",0.2,"I","c"
"398","share_Up","01341","24230.03","2017",0.2,"I","c"
"398","share_Up","01341","24230.03","2016",0.2,"I","c"
"398","share_Up","01341","24230.03","2015",0.2,"I","c"
"398","share_Up","01341","24230.03","2014",0.2,"I","c"
"398","share_Up","01343","21419.01","2022",1,"I","c"
"398","share_Up","01343","21419.01","2021",1,"I","c"
"398","share_Up","01343","21419.01","2020",1,"I","c"
"398","share_Up","01343","21419.01","2019",1,"I","c"
"398","share_Up","01343","21419.01","2018",1,"I","c"
"398","share_Up","01343","21419.01","2017",1,"I","c"
"398","share_Up","01343","21419.01","2016",1,"I","c"
"398","share_Up","01343","21419.01","2015",1,"I","c"
"398","share_Up","01343","21419.01","2014",1,"I","c"
"398","share_Up","01345","23991.03","2022",1,"I","c"
"398","share_Up","01345","23991.03","2021",1,"I","c"
"398","share_Up","01345","23991.03","2020",1,"I","c"
"398","share_Up","01345","23991.03","2019",1,"I","c"
"398","share_Up","01345","23991.03","2018",1,"I","c"
"398","share_Up","01345","23991.03","2017",1,"I","c"
"398","share_Up","01345","23991.03","2016",1,"I","c"
"398","share_Up","01345","23991.03","2015",1,"I","c"
"398","share_Up","01345","23991.03","2014",1,"I","c"
"398","share_Up","01376","21429.02","2022",1,"I","c"
"398","share_Up","01376","21429.02","2021",1,"I","c"
"398","share_Up","01376","21429.02","2020",1,"I","c"
"398","share_Up","01376","21429.02","2019",1,"I","c"
"398","share_Up","01376","21429.02","2018",1,"I","c"
"398","share_Up","01376","21429.02","2017",1,"I","c"
"398","share_Up","01376","21429.02","2016",1,"I","c"
"398","share_Up","01376","21429.02","2015",1,"I","c"
"398","share_Up","01376","21429.02","2014",1,"I","c"
"398","share_Up","0141","2161","2022",0.9998588662,"T","-"
"398","share_Up","0141","2161","2021",0.9998588662,"T","-"
"398","share_Up","0141","2161","2020",0.9998588662,"T","-"
"398","share_Up","0141","2161","2019",0.9998588662,"T","-"
"398","share_Up","0141","2161","2018",0.9998588662,"T","-"
"398","share_Up","0141","2161","2017",0.9998608581,"T","-"
"398","share_Up","0141","2161","2016",0.9998628988,"T","-"
"398","share_Up","0141","2161","2015",0.9998528418,"T","-"
"398","share_Up","0141","2161","2014",0.9998668337,"T","-"
"398","share_Up","0141","21910.03","2022",0.9998588662,"T","-"
"398","share_Up","0141","21910.03","2021",0.9998588662,"T","-"
"398","share_Up","0141","21910.03","2020",0.9998588662,"T","-"
"398","share_Up","0141","21910.03","2019",0.9998588662,"T","-"
"398","share_Up","0141","21910.03","2018",0.9998588662,"T","-"
"398","share_Up","0141","21910.03","2017",0.9998608581,"T","-"
"398","share_Up","0141","21910.03","2016",0.9998628988,"T","-"
"398","share_Up","0141","21910.03","2015",0.9998528418,"T","-"
"398","share_Up","0141","21910.03","2014",0.9998668337,"T","-"
"398","share_Up","0141","21920","2022",0.0001411338,"I","c"
"398","share_Up","0141","21920","2021",0.0001411338,"I","c"
"398","share_Up","0141","21920","2020",0.0001411338,"I","c"
"398","share_Up","0141","21920","2019",0.0001411338,"I","c"
"398","share_Up","0141","21920","2018",0.0001411338,"I","c"
"398","share_Up","0141","21920","2017",0.0001391419,"I","c"
"398","share_Up","0141","21920","2016",0.0001371012,"I","c"
"398","share_Up","0141","21920","2015",0.0001471582,"I","c"
"398","share_Up","0141","21920","2014",0.0001331663,"I","c"
"398","share_Up","0142","21421","2022",1,"I","c"
"398","share_Up","0142","21421","2021",1,"I","c"
"398","share_Up","0142","21421","2020",1,"I","c"
"398","share_Up","0142","21421","2019",1,"I","c"
"398","share_Up","0142","21421","2018",1,"I","c"
"398","share_Up","0142","21421","2017",1,"I","c"
"398","share_Up","0142","21421","2016",1,"I","c"
"398","share_Up","0142","21421","2015",1,"I","c"
"398","share_Up","0142","21421","2014",1,"I","c"
"398","share_Up","0143","2168","2022",1,"T","-"
"398","share_Up","0143","2168","2021",1,"T","-"
"398","share_Up","0143","2168","2020",1,"T","-"
"398","share_Up","0143","2168","2019",1,"T","-"
"398","share_Up","0143","2168","2018",1,"T","-"
"398","share_Up","0143","2168","2017",1,"T","-"
"398","share_Up","0143","2168","2016",1,"T","-"
"398","share_Up","0143","2168","2015",1,"T","-"
"398","share_Up","0143","2168","2014",1,"T","-"
"398","share_Up","0143","21800","2022",1,"T","-"
"398","share_Up","0143","21800","2021",1,"T","-"
"398","share_Up","0143","21800","2020",1,"T","-"
"398","share_Up","0143","21800","2019",1,"T","-"
"398","share_Up","0143","21800","2018",1,"T","-"
"398","share_Up","0143","21800","2017",1,"T","-"
"398","share_Up","0143","21800","2016",1,"T","-"
"398","share_Up","0143","21800","2015",1,"T","-"
"398","share_Up","0143","21800","2014",1,"T","-"
"398","share_Up","0143","21910.15","2022",1,"T","-"
"398","share_Up","0143","21910.15","2021",1,"T","-"
"398","share_Up","0143","21910.15","2020",1,"T","-"
"398","share_Up","0143","21910.15","2019",1,"T","-"
"398","share_Up","0143","21910.15","2018",1,"T","-"
"398","share_Up","0143","21910.15","2017",1,"T","-"
"398","share_Up","0143","21910.15","2016",1,"T","-"
"398","share_Up","0143","21910.15","2015",1,"T","-"
"398","share_Up","0143","21910.15","2014",1,"T","-"
"398","share_Up","01441","21691.12","2022",1,"T","-"
"398","share_Up","01441","21691.12","2021",1,"T","-"
"398","share_Up","01441","21691.12","2020",1,"T","-"
"398","share_Up","01441","21691.12","2019",1,"T","-"
"398","share_Up","01441","21691.12","2018",1,"T","-"
"398","share_Up","01441","21691.12","2017",1,"T","-"
"398","share_Up","01441","21691.12","2016",1,"T","-"
"398","share_Up","01441","21691.12","2015",1,"T","-"
"398","share_Up","01441","21691.12","2014",1,"T","-"
"398","share_Up","01441","21910.16","2022",1,"T","-"
"398","share_Up","01441","21910.16","2021",1,"T","-"
"398","share_Up","01441","21910.16","2020",1,"T","-"
"398","share_Up","01441","21910.16","2019",1,"T","-"
"398","share_Up","01441","21910.16","2018",1,"T","-"
"398","share_Up","01441","21910.16","2017",1,"T","-"
"398","share_Up","01441","21910.16","2016",1,"T","-"
"398","share_Up","01441","21910.16","2015",1,"T","-"
"398","share_Up","01441","21910.16","2014",1,"T","-"
"398","share_Up","01442","21641.02","2022",1,"I","c"
"398","share_Up","01442","21641.02","2021",1,"T","-"
"398","share_Up","01442","21641.02","2020",1,"T","-"
"398","share_Up","01442","21641.02","2019",1,"I","c"
"398","share_Up","01442","21641.02","2018",1,"T","-"
"398","share_Up","01442","21641.02","2017",1,"T","-"
"398","share_Up","01442","21641.02","2016",1,"T","-"
"398","share_Up","01442","21641.02","2015",1,"T","-"
"398","share_Up","01442","21641.02","2014",1,"T","-"
"398","share_Up","01442","21910.12","2022",1,"I","c"
"398","share_Up","01442","21910.12","2021",1,"T","-"
"398","share_Up","01442","21910.12","2020",1,"T","-"
"398","share_Up","01442","21910.12","2019",1,"I","c"
"398","share_Up","01442","21910.12","2018",1,"T","-"
"398","share_Up","01442","21910.12","2017",1,"T","-"
"398","share_Up","01442","21910.12","2016",1,"T","-"
"398","share_Up","01442","21910.12","2015",1,"T","-"
"398","share_Up","01442","21910.12","2014",1,"T","-"
"398","share_Up","01443","21641.01","2022",1,"T","-"
"398","share_Up","01443","21641.01","2021",1,"T","-"
"398","share_Up","01443","21641.01","2020",1,"T","-"
"398","share_Up","01443","21641.01","2019",1,"T","-"
"398","share_Up","01443","21641.01","2018",1,"T","-"
"398","share_Up","01443","21641.01","2017",1,"T","-"
"398","share_Up","01443","21641.01","2016",1,"T","-"
"398","share_Up","01443","21641.01","2015",1,"T","-"
"398","share_Up","01443","21641.01","2014",1,"T","-"
"398","share_Up","01443","21910.08","2022",1,"T","-"
"398","share_Up","01443","21910.08","2021",1,"T","-"
"398","share_Up","01443","21910.08","2020",1,"T","-"
"398","share_Up","01443","21910.08","2019",1,"T","-"
"398","share_Up","01443","21910.08","2018",1,"T","-"
"398","share_Up","01443","21910.08","2017",1,"T","-"
"398","share_Up","01443","21910.08","2016",1,"T","-"
"398","share_Up","01443","21910.08","2015",1,"T","-"
"398","share_Up","01443","21910.08","2014",1,"T","-"
"398","share_Up","01445","21631.01","2022",1,"T","-"
"398","share_Up","01445","21631.01","2021",1,"T","-"
"398","share_Up","01445","21631.01","2020",1,"T","-"
"398","share_Up","01445","21631.01","2019",1,"T","-"
"398","share_Up","01445","21631.01","2018",1,"T","-"
"398","share_Up","01445","21631.01","2017",1,"T","-"
"398","share_Up","01445","21631.01","2016",1,"T","-"
"398","share_Up","01445","21631.01","2015",1,"T","-"
"398","share_Up","01445","21631.01","2014",1,"T","-"
"398","share_Up","01445","21910.07","2022",1,"T","-"
"398","share_Up","01445","21910.07","2021",1,"T","-"
"398","share_Up","01445","21910.07","2020",1,"T","-"
"398","share_Up","01445","21910.07","2019",1,"T","-"
"398","share_Up","01445","21910.07","2018",1,"T","-"
"398","share_Up","01445","21910.07","2017",1,"T","-"
"398","share_Up","01445","21910.07","2016",1,"T","-"
"398","share_Up","01445","21910.07","2015",1,"T","-"
"398","share_Up","01445","21910.07","2014",1,"T","-"
"398","share_Up","01446","21631.02","2022",1,"T","-"
"398","share_Up","01446","21631.02","2021",1,"T","-"
"398","share_Up","01446","21631.02","2020",1,"T","-"
"398","share_Up","01446","21631.02","2019",1,"T","-"
"398","share_Up","01446","21631.02","2018",1,"T","-"
"398","share_Up","01446","21631.02","2017",1,"T","-"
"398","share_Up","01446","21631.02","2016",1,"T","-"
"398","share_Up","01446","21631.02","2015",1,"T","-"
"398","share_Up","01446","21631.02","2014",1,"T","-"
"398","share_Up","01446","21910.10","2022",1,"T","-"
"398","share_Up","01446","21910.10","2021",1,"T","-"
"398","share_Up","01446","21910.10","2020",1,"T","-"
"398","share_Up","01446","21910.10","2019",1,"T","-"
"398","share_Up","01446","21910.10","2018",1,"T","-"
"398","share_Up","01446","21910.10","2017",1,"T","-"
"398","share_Up","01446","21910.10","2016",1,"T","-"
"398","share_Up","01446","21910.10","2015",1,"T","-"
"398","share_Up","01446","21910.10","2014",1,"T","-"
"398","share_Up","01449.90","21691.90","2022",0.7438245046,"T","-"
"398","share_Up","01449.90","21691.90","2021",0.7438245046,"T","-"
"398","share_Up","01449.90","21691.90","2020",0.7438245046,"T","-"
"398","share_Up","01449.90","21691.90","2019",0.7438245046,"T","-"
"398","share_Up","01449.90","21691.90","2018",0.7438245046,"I","c"
"398","share_Up","01449.90","21691.90","2017",0.7474773944,"I","c"
"398","share_Up","01449.90","21691.90","2016",0.735323299,"I","c"
"398","share_Up","01449.90","21691.90","2015",0.7486728204,"I","c"
"398","share_Up","01449.90","21691.90","2014",0.7584360638,"I","c"
"398","share_Up","01449.90","21910.90","2022",0.7438245046,"T","-"
"398","share_Up","01449.90","21910.90","2021",0.7438245046,"T","-"
"398","share_Up","01449.90","21910.90","2020",0.7438245046,"T","-"
"398","share_Up","01449.90","21910.90","2019",0.7438245046,"T","-"
"398","share_Up","01449.90","21910.90","2018",0.7438245046,"I","c"
"398","share_Up","01449.90","21910.90","2017",0.7474773944,"I","c"
"398","share_Up","01449.90","21910.90","2016",0.735323299,"I","c"
"398","share_Up","01449.90","21910.90","2015",0.7486728204,"I","c"
"398","share_Up","01449.90","21910.90","2014",0.7584360638,"I","c"
"398","share_Up","01449.90","21920","2022",0.2561754954,"I","c"
"398","share_Up","01449.90","21920","2021",0.2561754954,"I","c"
"398","share_Up","01449.90","21920","2020",0.2561754954,"I","c"
"398","share_Up","01449.90","21920","2019",0.2561754954,"I","c"
"398","share_Up","01449.90","21920","2018",0.2561754954,"I","c"
"398","share_Up","01449.90","21920","2017",0.2525226056,"I","c"
"398","share_Up","01449.90","21920","2016",0.264676701,"I","c"
"398","share_Up","01449.90","21920","2015",0.2513271796,"I","c"
"398","share_Up","01449.90","21920","2014",0.2415639362,"I","c"
"398","share_Up","01510","21313","2022",0,"I","c"
"398","share_Up","01510","21313","2021",0,"I","c"
"398","share_Up","01510","21313","2020",0,"I","c"
"398","share_Up","01510","21313","2019",0,"I","c"
"398","share_Up","01510","21313","2018",0,"I","c"
"398","share_Up","01510","21313","2017",0,"I","c"
"398","share_Up","01510","21313","2016",0,"I","c"
"398","share_Up","01510","21313","2015",0,"I","c"
"398","share_Up","01510","21313","2014",0,"I","c"
"398","share_Up","01510","21392","2022",0,"I","c"
"398","share_Up","01510","21392","2021",0,"I","c"
"398","share_Up","01510","21392","2020",0,"I","c"
"398","share_Up","01510","21392","2019",0,"I","c"
"398","share_Up","01510","21392","2018",0,"I","c"
"398","share_Up","01510","21392","2017",0,"I","c"
"398","share_Up","01510","21392","2016",0,"I","c"
"398","share_Up","01510","21392","2015",0,"I","c"
"398","share_Up","01510","21392","2014",0,"I","c"
"398","share_Up","01510","24110","2022",0.0254861119,"I","c"
"398","share_Up","01510","24110","2021",0.0254861119,"I","c"
"398","share_Up","01510","24110","2020",0.0254861119,"I","c"
"398","share_Up","01510","24110","2019",0.0254861119,"I","c"
"398","share_Up","01510","24110","2018",0.0254861119,"I","c"
"398","share_Up","01510","24110","2017",0.0261590297,"I","c"
"398","share_Up","01510","24110","2016",0.0240609937,"I","c"
"398","share_Up","01510","24110","2015",0.0262383123,"I","c"
"398","share_Up","01510","24110","2014",0.0281777831,"I","c"
"398","share_Up","01510","2413","2022",0.9745138881,"I","c"
"398","share_Up","01510","2413","2021",0.9745138881,"I","c"
"398","share_Up","01510","2413","2020",0.9745138881,"I","c"
"398","share_Up","01510","2413","2019",0.9745138881,"I","c"
"398","share_Up","01510","2413","2018",0.9745138881,"I","c"
"398","share_Up","01510","2413","2017",0.9738409703,"I","c"
"398","share_Up","01510","2413","2016",0.9759390063,"I","c"
"398","share_Up","01510","2413","2015",0.9737616877,"I","c"
"398","share_Up","01510","2413","2014",0.9718222169,"T","-"
"398","share_Up","01510","39130.03","2022",0,"I","c"
"398","share_Up","01510","39130.03","2021",0,"I","c"
"398","share_Up","01510","39130.03","2020",0,"I","c"
"398","share_Up","01510","39130.03","2019",0,"I","c"
"398","share_Up","01510","39130.03","2018",0,"I","c"
"398","share_Up","01510","39130.03","2017",0,"I","c"
"398","share_Up","01510","39130.03","2016",0,"I","c"
"398","share_Up","01510","39130.03","2015",0,"I","c"
"398","share_Up","01510","39130.03","2014",0,"I","c"
"398","share_Up","01620","23913","2022",1,"I","c"
"398","share_Up","01620","23913","2021",1,"I","c"
"398","share_Up","01620","23913","2020",1,"I","c"
"398","share_Up","01640","23610.01","2022",1,"I","c"
"398","share_Up","01640","23610.01","2021",1,"I","c"
"398","share_Up","01640","23610.01","2020",1,"I","c"
"398","share_Up","01640","23610.01","2019",1,"I","c"
"398","share_Up","01640","23610.01","2018",1,"I","c"
"398","share_Up","01640","23610.01","2017",1,"I","c"
"398","share_Up","01640","23610.01","2016",1,"I","c"
"398","share_Up","01640","23610.01","2015",1,"I","c"
"398","share_Up","01640","23610.01","2014",1,"I","c"
"398","share_Up","01640","39150.02","2022",1,"I","c"
"398","share_Up","01640","39150.02","2021",1,"I","c"
"398","share_Up","01640","39150.02","2020",1,"I","c"
"398","share_Up","01640","39150.02","2019",1,"I","c"
"398","share_Up","01640","39150.02","2018",1,"I","c"
"398","share_Up","01640","39150.02","2017",1,"I","c"
"398","share_Up","01640","39150.02","2016",1,"I","c"
"398","share_Up","01640","39150.02","2015",1,"I","c"
"398","share_Up","01640","39150.02","2014",1,"I","c"
"398","share_Up","01801","2351f","2022",1,"T","-"
"398","share_Up","01801","2351f","2021",1,"T","-"
"398","share_Up","01801","2351f","2020",1,"T","-"
"398","share_Up","01801","2351f","2019",1,"T","-"
"398","share_Up","01801","2351f","2018",1,"T","-"
"398","share_Up","01801","2351f","2017",1,"T","-"
"398","share_Up","01801","2351f","2016",1,"T","-"
"398","share_Up","01801","2351f","2015",1,"T","-"
"398","share_Up","01801","2351f","2014",1,"T","-"
"398","share_Up","01801","23540","2022",1,"T","-"
"398","share_Up","01801","23540","2021",1,"T","-"
"398","share_Up","01801","23540","2020",1,"T","-"
"398","share_Up","01801","23540","2019",1,"T","-"
"398","share_Up","01801","23540","2018",1,"T","-"
"398","share_Up","01801","23540","2017",1,"T","-"
"398","share_Up","01801","23540","2016",1,"T","-"
"398","share_Up","01801","23540","2015",1,"T","-"
"398","share_Up","01801","23540","2014",1,"T","-"
"398","share_Up","01921.01","0143","2022",1,"T","-"
"398","share_Up","01921.01","0143","2021",1,"T","-"
"398","share_Up","01921.01","0143","2020",1,"T","-"
"398","share_Up","01921.01","0143","2019",1,"T","-"
"398","share_Up","01921.01","0143","2018",1,"T","-"
"398","share_Up","01921.01","0143","2017",1,"T","-"
"398","share_Up","01921.01","0143","2016",1,"T","-"
"398","share_Up","01921.01","0143","2015",1,"T","-"
"398","share_Up","01921.01","0143","2014",1,"T","-"
"398","share_Up","01921.01","01921.02","2022",1,"T","-"
"398","share_Up","01921.01","01921.02","2021",1,"T","-"
"398","share_Up","01921.01","01921.02","2020",1,"T","-"
"398","share_Up","01921.01","01921.02","2019",1,"T","-"
"398","share_Up","01921.01","01921.02","2018",1,"T","-"
"398","share_Up","01921.01","01921.02","2017",1,"T","-"
"398","share_Up","01921.01","01921.02","2016",1,"T","-"
"398","share_Up","01921.01","01921.02","2015",1,"T","-"
"398","share_Up","01921.01","01921.02","2014",1,"T","-"
"398","share_Up","01921.01","F0769","2022",1,"T","-"
"398","share_Up","01921.01","F0769","2021",1,"T","-"
"398","share_Up","01921.01","F0769","2020",1,"T","-"
"398","share_Up","01921.01","F0769","2019",1,"T","-"
"398","share_Up","01921.01","F0769","2018",1,"T","-"
"398","share_Up","01921.01","F0769","2017",1,"T","-"
"398","share_Up","01921.01","F0769","2016",1,"T","-"
"398","share_Up","01921.01","F0769","2015",1,"T","-"
"398","share_Up","01921.01","F0769","2014",1,"T","-"
"398","share_Up","02211","22110.02","2022",0.1392382604,"I","c"
"398","share_Up","02211","22110.02","2021",0.1392382604,"I","c"
"398","share_Up","02211","22110.02","2020",0.5687478337,"I","c"
"398","share_Up","02211","22110.02","2019",0.5687478337,"I","c"
"398","share_Up","02211","22110.02","2018",0.5690645378,"I","c"
"398","share_Up","02211","22110.02","2017",0.5785359497,"I","c"
"398","share_Up","02211","22110.02","2016",0.5793013248,"I","c"
"398","share_Up","02211","22110.02","2015",0.5488050917,"I","c"
"398","share_Up","02211","22110.02","2014",0.6122222831,"T","-"
"398","share_Up","02211","22120","2022",0.1392382604,"I","c"
"398","share_Up","02211","22120","2021",0.1392382604,"I","c"
"398","share_Up","02211","22120","2020",0.1392382604,"I","c"
"398","share_Up","02211","22120","2019",0.1392382604,"I","c"
"398","share_Up","02211","22120","2018",0.1392489156,"I","c"
"398","share_Up","02211","22120","2017",0.1392686223,"I","c"
"398","share_Up","02211","22120","2016",0.1391972433,"I","c"
"398","share_Up","02211","22120","2015",0.1392808813,"I","c"
"398","share_Up","02211","22120","2014",0.1398554642,"T","-"
"398","share_Up","02211","22130.01","2022",0.2337514357,"T","-"
"398","share_Up","02211","22130.01","2021",0.2337514357,"T","-"
"398","share_Up","02211","22130.01","2020",0.2337514357,"T","-"
"398","share_Up","02211","22130.01","2019",0.2337514357,"T","-"
"398","share_Up","02211","22130.01","2018",0.2334241667,"T","-"
"398","share_Up","02211","22130.01","2017",0.2239489592,"T","-"
"398","share_Up","02211","22130.01","2016",0.2232228699,"T","-"
"398","share_Up","02211","22130.01","2015",0.2536519184,"T","-"
"398","share_Up","02211","22130.01","2014",0.1902513989,"T","-"
"398","share_Up","02211","22211","2022",0.1529152698,"I","c"
"398","share_Up","02211","22211","2021",0.1529152698,"I","c"
"398","share_Up","02211","22211","2020",0.1529152698,"I","c"
"398","share_Up","02211","22211","2019",0.1529152698,"I","c"
"398","share_Up","02211","22211","2018",0.1529269949,"I","c"
"398","share_Up","02211","22211","2017",0.152942314,"I","c"
"398","share_Up","02211","22211","2016",0.1528765006,"I","c"
"398","share_Up","02211","22211","2015",0.1529621702,"I","c"
"398","share_Up","02211","22211","2014",0.152099,"I","c"
"398","share_Up","02211","22221.01","2022",0.0417074809,"I","c"
"398","share_Up","02211","22221.01","2021",0.0417074809,"I","c"
"398","share_Up","02211","22221.01","2020",0.0417074809,"I","c"
"398","share_Up","02211","22221.01","2019",0.0417074809,"I","c"
"398","share_Up","02211","22221.01","2018",0.041710685,"I","c"
"398","share_Up","02211","22221.01","2017",0.0417148432,"I","c"
"398","share_Up","02211","22221.01","2016",0.0416969146,"I","c"
"398","share_Up","02211","22221.01","2015",0.041720297,"I","c"
"398","share_Up","02211","22221.01","2014",0.041727318,"I","c"
"398","share_Up","02211","22230.02","2022",0.0028779799,"I","c"
"398","share_Up","02211","22230.02","2021",0.0028779799,"I","c"
"398","share_Up","02211","22230.02","2020",0.0028779799,"I","c"
"398","share_Up","02211","22230.02","2019",0.0028779799,"I","c"
"398","share_Up","02211","22230.02","2018",0.0028736156,"I","c"
"398","share_Up","02211","22230.02","2017",0.0028579339,"I","c"
"398","share_Up","02211","22230.02","2016",0.0029023901,"I","c"
"398","share_Up","02211","22230.02","2015",0.0028605227,"I","c"
"398","share_Up","02211","22230.02","2014",0.0037,"I","c"
"398","share_Up","02211","22230.03","2022",0.4295095733,"T","-"
"398","share_Up","02211","22230.03","2021",0.4295095733,"T","-"
"398","share_Up","02211","22230.03","2020",0.4295095733,"T","-"
"398","share_Up","02211","22230.03","2019",0.4295095733,"T","-"
"398","share_Up","02211","22230.03","2018",0.4298156222,"T","-"
"398","share_Up","02211","22230.03","2017",0.4392673274,"T","-"
"398","share_Up","02211","22230.03","2016",0.4401040815,"T","-"
"398","share_Up","02211","22230.03","2015",0.4095242104,"T","-"
"398","share_Up","02211","22230.03","2014",0.4723668188,"T","-"
"398","share_Up","02211","22241.01","2022",0.4295095733,"T","-"
"398","share_Up","02211","22241.01","2021",0.4295095733,"T","-"
"398","share_Up","02211","22241.01","2020",0.4295095733,"T","-"
"398","share_Up","02211","22241.01","2019",0.4295095733,"T","-"
"398","share_Up","02211","22241.01","2018",0.4298156222,"T","-"
"398","share_Up","02211","22241.01","2017",0.4392673274,"T","-"
"398","share_Up","02211","22241.01","2016",0.4401040815,"T","-"
"398","share_Up","02211","22241.01","2015",0.4095242104,"T","-"
"398","share_Up","02211","22241.01","2014",0.4723668188,"T","-"
"398","share_Up","02211","22251.01","2022",0.2337514357,"T","-"
"398","share_Up","02211","22251.01","2021",0.2337514357,"T","-"
"398","share_Up","02211","22251.01","2020",0.2337514357,"T","-"
"398","share_Up","02211","22251.01","2019",0.2337514357,"T","-"
"398","share_Up","02211","22251.01","2018",0.2334241667,"T","-"
"398","share_Up","02211","22251.01","2017",0.2239489592,"T","-"
"398","share_Up","02211","22251.01","2016",0.2232228699,"T","-"
"398","share_Up","02211","22251.01","2015",0.2536519184,"T","-"
"398","share_Up","02211","22251.01","2014",0.1902513989,"T","-"
"398","share_Up","02292","22130.01","2022",1,"I","c"
"398","share_Up","02292","22130.01","2021",1,"I","c"
"398","share_Up","02292","22130.01","2020",1,"I","c"
"398","share_Up","02292","22130.01","2019",1,"I","c"
"398","share_Up","02292","22254","2022",1,"I","c"
"398","share_Up","02292","22254","2021",1,"I","c"
"398","share_Up","02292","22254","2020",1,"I","c"
"398","share_Up","02292","22254","2019",1,"I","c"
"398","share_Up","02292","22254","2018",1,"I","c"
"398","share_Up","02292","22254","2017",1,"I","c"
"398","share_Up","02292","22254","2016",1,"I","c"
"398","share_Up","02292","22254","2015",1,"I","c"
"398","share_Up","02292","22254","2014",1,"I","c"
"398","share_Up","0231","23993.02","2022",1,"I","c"
"398","share_Up","0231","23993.02","2021",1,"I","c"
"398","share_Up","0231","23993.02","2020",1,"I","c"
"398","share_Up","0231","23993.02","2019",1,"I","c"
"398","share_Up","0231","23993.02","2018",1,"I","c"
"398","share_Up","0231","23993.02","2017",1,"I","c"
"398","share_Up","0231","23993.02","2016",1,"I","c"
"398","share_Up","0231","23993.02","2015",1,"I","c"
"398","share_Up","0231","23993.02","2014",1,"I","c"
"398","share_Up","0231","23993.03","2022",0,"I","c"
"398","share_Up","0231","23993.03","2021",0,"I","c"
"398","share_Up","0231","23993.03","2020",0,"I","c"
"398","share_Up","0231","23993.03","2019",0,"I","c"
"398","share_Up","0231","23993.03","2018",0,"I","c"
"398","share_Up","0231","23993.03","2017",0,"I","c"
"398","share_Up","0231","23993.03","2016",0,"I","c"
"398","share_Up","0231","23993.03","2015",0,"I","c"
"398","share_Up","0231","23993.03","2014",0,"I","c"
"398","share_Up","02951.01","02951.04","2022",0.8000069952,"I","c"
"398","share_Up","02951.01","02951.04","2021",0.8000069952,"I","c"
"398","share_Up","02951.01","02951.04","2020",0.8000069952,"I","c"
"398","share_Up","02951.01","02951.04","2019",0.8000069952,"I","c"
"398","share_Up","02951.01","02951.04","2018",0.8000069952,"I","c"
"398","share_Up","02951.01","02951.04","2017",0.8000069129,"I","c"
"398","share_Up","02951.01","02951.04","2016",0.8000051847,"I","c"
"398","share_Up","02951.01","02951.04","2015",0.800008888,"I","c"
"398","share_Up","02951.01","02951.04","2014",0.800006666,"I","c"
"398","share_Up","02951.01","02951.06","2022",0.1999930048,"I","c"
"398","share_Up","02951.01","02951.06","2021",0.1999930048,"I","c"
"398","share_Up","02951.01","02951.06","2020",0.1999930048,"I","c"
"398","share_Up","02951.01","02951.06","2019",0.1999930048,"I","c"
"398","share_Up","02951.01","02951.06","2018",0.1999930048,"I","c"
"398","share_Up","02951.01","02951.06","2017",0.1999930871,"I","c"
"398","share_Up","02951.01","02951.06","2016",0.1999948153,"I","c"
"398","share_Up","02951.01","02951.06","2015",0.199991112,"I","c"
"398","share_Up","02951.01","02951.06","2014",0.199993334,"I","c"
"398","share_Up","02951.04","02951.05","2022",1,"I","c"
"398","share_Up","02951.04","02951.05","2021",1,"I","c"
"398","share_Up","02951.04","02951.05","2020",1,"I","c"
"398","share_Up","02951.04","02951.05","2019",1,"I","c"
"398","share_Up","02951.04","02951.05","2018",1,"I","c"
"398","share_Up","02951.04","02951.05","2017",1,"I","c"
"398","share_Up","02951.04","02951.05","2016",1,"I","c"
"398","share_Up","02951.04","02951.05","2015",1,"I","c"
"398","share_Up","02951.04","02951.05","2014",1,"I","c"
"398","share_Up","02952.01","02952.04","2022",1,"I","c"
"398","share_Up","02952.01","02952.04","2021",1,"I","c"
"398","share_Up","02952.01","02952.04","2020",1,"I","c"
"398","share_Up","02952.01","02952.04","2019",1,"I","c"
"398","share_Up","02952.01","02952.04","2018",1,"I","c"
"398","share_Up","02952.01","02952.04","2017",1,"I","c"
"398","share_Up","02952.01","02952.04","2016",1,"I","c"
"398","share_Up","02952.01","02952.04","2015",1,"I","c"
"398","share_Up","02952.01","02952.04","2014",1,"I","c"
"398","share_Up","02953","02953.01","2019",0.5999896282,"I","c"
"398","share_Up","02953","02953.01","2018",0.5999896282,"I","c"
"398","share_Up","02953","02953.01","2017",0.5999922208,"I","c"
"398","share_Up","02953","02953.01","2016",0.599986665,"I","c"
"398","share_Up","02953","02953.01","2015",0.5999899988,"I","c"
"398","share_Up","02953","02953.01","2014",0.5999999985,"I","c"
"398","share_Up","02953","02953.03","2022",0.4000101909,"I","c"
"398","share_Up","02953","02953.03","2021",0.4000102875,"I","c"
"398","share_Up","02953","02953.03","2020",0.4000096607,"I","c"
"398","share_Up","02953","02953.03","2019",0.4000105944,"I","c"
"398","share_Up","02953","02953.03","2018",0.4000103718,"I","c"
"398","share_Up","02953","02953.03","2017",0.4000077792,"I","c"
"398","share_Up","02953","02953.03","2016",0.400013335,"I","c"
"398","share_Up","02953","02953.03","2015",0.4000100012,"I","c"
"398","share_Up","02953","02953.03","2014",0.4000000015,"I","c"
"398","share_Up","02953.03","02953.04","2022",1,"I","c"
"398","share_Up","02953.03","02953.04","2021",1,"I","c"
"398","share_Up","02953.03","02953.04","2020",1,"I","c"
"398","share_Up","02953.03","02953.04","2019",1,"I","c"
"398","share_Up","02953.03","02953.04","2018",1,"I","c"
"398","share_Up","02953.03","02953.04","2017",1,"I","c"
"398","share_Up","02953.03","02953.04","2016",1,"I","c"
"398","share_Up","02953.03","02953.04","2015",1,"I","c"
"398","share_Up","02953.03","02953.04","2014",1,"I","c"
"398","share_Up","21111.01","21111.02","2022",0.1538461538,"I","c"
"398","share_Up","21111.01","21111.02","2021",0.1538461538,"I","c"
"398","share_Up","21111.01","21111.02","2020",0.1538461538,"I","c"
"398","share_Up","21111.01","21111.02","2019",0.1538461538,"I","c"
"398","share_Up","21111.01","21111.02","2018",0.1538461538,"I","c"
"398","share_Up","21111.01","21111.02","2017",0.1538461538,"I","c"
"398","share_Up","21111.01","21111.02","2016",0.1538461538,"I","c"
"398","share_Up","21111.01","21111.02","2015",0.1538461538,"I","c"
"398","share_Up","21111.01","21111.02","2014",0.1538461538,"I","c"
"398","share_Up","21111.01","21182","2022",0.1538461538,"I","c"
"398","share_Up","21111.01","21182","2021",0.1538461538,"I","c"
"398","share_Up","21111.01","21182","2020",0.1538461538,"I","c"
"398","share_Up","21111.01","21182","2019",0.1538461538,"I","c"
"398","share_Up","21111.01","21182","2018",0.1538461538,"I","c"
"398","share_Up","21111.01","21182","2017",0.1538461538,"I","c"
"398","share_Up","21111.01","21182","2016",0.1538461538,"I","c"
"398","share_Up","21111.01","21182","2015",0.1538461538,"I","c"
"398","share_Up","21111.01","21182","2014",0.1538461538,"I","c"
"398","share_Up","21111.01","21512.01","2022",0.1538461538,"I","c"
"398","share_Up","21111.01","21512.01","2021",0.1538461538,"I","c"
"398","share_Up","21111.01","21512.01","2020",0.1538461538,"I","c"
"398","share_Up","21111.01","21512.01","2019",0.1538461538,"I","c"
"398","share_Up","21111.01","21512.01","2018",0.1538461538,"I","c"
"398","share_Up","21111.01","21512.01","2017",0.1538461538,"I","c"
"398","share_Up","21111.01","21512.01","2016",0.1538461538,"I","c"
"398","share_Up","21111.01","21512.01","2015",0.1538461538,"I","c"
"398","share_Up","21111.01","21512.01","2014",0.1538461538,"I","c"
"398","share_Up","21111.01","23991.04","2022",0.0769230769,"I","c"
"398","share_Up","21111.01","23991.04","2021",0.0769230769,"I","c"
"398","share_Up","21111.01","23991.04","2020",0.0769230769,"I","c"
"398","share_Up","21111.01","23991.04","2019",0.0769230769,"I","c"
"398","share_Up","21111.01","23991.04","2018",0.0769230769,"I","c"
"398","share_Up","21111.01","23991.04","2017",0.0769230769,"I","c"
"398","share_Up","21111.01","23991.04","2016",0.0769230769,"I","c"
"398","share_Up","21111.01","23991.04","2015",0.0769230769,"I","c"
"398","share_Up","21111.01","23991.04","2014",0.0769230769,"I","c"
"398","share_Up","21111.01","F0875","2022",0.6153846154,"I","c"
"398","share_Up","21111.01","F0875","2021",0.6153846154,"I","c"
"398","share_Up","21111.01","F0875","2020",0.6153846154,"I","c"
"398","share_Up","21111.01","F0875","2019",0.6153846154,"I","c"
"398","share_Up","21111.01","F0875","2018",0.6153846154,"I","c"
"398","share_Up","21111.01","F0875","2017",0.6153846154,"I","c"
"398","share_Up","21111.01","F0875","2016",0.6153846154,"I","c"
"398","share_Up","21111.01","F0875","2015",0.6153846154,"I","c"
"398","share_Up","21111.01","F0875","2014",0.6153846154,"I","c"
"398","share_Up","21113.01","21113.02","2022",1,"I","c"
"398","share_Up","21113.01","21113.02","2021",1,"I","c"
"398","share_Up","21113.01","21113.02","2020",1,"I","c"
"398","share_Up","21113.01","21113.02","2019",1,"I","c"
"398","share_Up","21113.01","21113.02","2018",1,"I","c"
"398","share_Up","21113.01","21113.02","2017",1,"I","c"
"398","share_Up","21113.01","21113.02","2016",1,"I","c"
"398","share_Up","21113.01","21113.02","2015",1,"I","c"
"398","share_Up","21113.01","21113.02","2014",1,"I","c"
"398","share_Up","21113.01","21511.02","2022",1,"I","c"
"398","share_Up","21113.01","21511.02","2021",1,"I","c"
"398","share_Up","21113.01","21511.02","2020",1,"I","c"
"398","share_Up","21113.01","21511.02","2019",1,"I","c"
"398","share_Up","21113.01","21511.02","2018",1,"I","c"
"398","share_Up","21113.01","21511.02","2017",1,"I","c"
"398","share_Up","21113.01","21511.02","2016",1,"I","c"
"398","share_Up","21113.01","21511.02","2015",1,"I","c"
"398","share_Up","21113.01","21511.02","2014",1,"I","c"
"398","share_Up","21113.02","21184.02","2022",0.7,"I","c"
"398","share_Up","21113.02","21184.02","2021",0.7,"I","c"
"398","share_Up","21113.02","21184.02","2020",0.7,"I","c"
"398","share_Up","21113.02","21184.02","2019",0.7,"I","c"
"398","share_Up","21113.02","21184.02","2018",0.7,"I","c"
"398","share_Up","21113.02","21184.02","2017",0.7,"I","c"
"398","share_Up","21113.02","21184.02","2016",0.7,"I","c"
"398","share_Up","21113.02","21184.02","2015",0.7,"I","c"
"398","share_Up","21113.02","21184.02","2014",0.7,"I","c"
"398","share_Up","21113.02","F1042","2022",0.3,"I","c"
"398","share_Up","21113.02","F1042","2021",0.3,"I","c"
"398","share_Up","21113.02","F1042","2020",0.3,"I","c"
"398","share_Up","21113.02","F1042","2019",0.3,"I","c"
"398","share_Up","21113.02","F1042","2018",0.3,"I","c"
"398","share_Up","21113.02","F1042","2017",0.3,"I","c"
"398","share_Up","21113.02","F1042","2016",0.3,"I","c"
"398","share_Up","21113.02","F1042","2015",0.3,"I","c"
"398","share_Up","21113.02","F1042","2014",0.3,"I","c"
"398","share_Up","21151","21183","2022",1,"I","c"
"398","share_Up","21151","21183","2021",1,"I","c"
"398","share_Up","21151","21183","2020",1,"I","c"
"398","share_Up","21151","21183","2019",1,"I","c"
"398","share_Up","21151","21183","2018",1,"I","c"
"398","share_Up","21151","21183","2017",1,"I","c"
"398","share_Up","21151","21183","2016",1,"I","c"
"398","share_Up","21151","21183","2015",1,"I","c"
"398","share_Up","21151","21183","2014",1,"I","c"
"398","share_Up","21170.92","F1172","2022",1,"I","c"
"398","share_Up","21170.92","F1172","2021",1,"I","c"
"398","share_Up","21170.92","F1172","2020",1,"I","c"
"398","share_Up","21170.92","F1172","2019",1,"I","c"
"398","share_Up","21170.92","F1172","2018",1,"I","c"
"398","share_Up","21170.92","F1172","2017",1,"I","c"
"398","share_Up","21170.92","F1172","2016",1,"I","c"
"398","share_Up","21170.92","F1172","2015",1,"I","c"
"398","share_Up","21170.92","F1172","2014",1,"I","c"
"398","share_Up","21511.02","21521","2022",1,"I","c"
"398","share_Up","21511.02","21521","2021",1,"I","c"
"398","share_Up","21511.02","21521","2020",1,"I","c"
"398","share_Up","21511.02","21521","2019",1,"I","c"
"398","share_Up","21511.02","21521","2018",1,"I","c"
"398","share_Up","21511.02","21521","2017",1,"I","c"
"398","share_Up","21511.02","21521","2016",1,"I","c"
"398","share_Up","21511.02","21521","2015",1,"I","c"
"398","share_Up","21511.02","21521","2014",1,"I","c"
"398","share_Up","21514","21529.03","2022",1,"I","c"
"398","share_Up","21514","21529.03","2021",1,"I","c"
"398","share_Up","21514","21529.03","2020",1,"I","c"
"398","share_Up","21514","21529.03","2019",1,"I","c"
"398","share_Up","21514","21529.03","2018",1,"I","c"
"398","share_Up","21514","21529.03","2017",1,"I","c"
"398","share_Up","21514","21529.03","2016",1,"I","c"
"398","share_Up","21514","21529.03","2015",1,"I","c"
"398","share_Up","21514","21529.03","2014",1,"I","c"
"398","share_Up","21631.01","21700.02","2022",1,"T","-"
"398","share_Up","21631.01","21700.02","2021",1,"T","-"
"398","share_Up","21631.01","21700.02","2020",1,"T","-"
"398","share_Up","21631.01","21700.02","2019",1,"T","-"
"398","share_Up","21631.01","21700.02","2018",1,"T","-"
"398","share_Up","21631.01","21700.02","2017",1,"T","-"
"398","share_Up","21631.01","21700.02","2016",1,"T","-"
"398","share_Up","21631.01","21700.02","2015",1,"T","-"
"398","share_Up","21631.01","21700.02","2014",1,"T","-"
"398","share_Up","2168","21700.02","2022",1,"T","-"
"398","share_Up","2168","21700.02","2021",1,"T","-"
"398","share_Up","2168","21700.02","2020",1,"T","-"
"398","share_Up","2168","21700.02","2019",1,"T","-"
"398","share_Up","2168","21700.02","2018",1,"T","-"
"398","share_Up","2168","21700.02","2017",1,"T","-"
"398","share_Up","2168","21700.02","2016",1,"T","-"
"398","share_Up","2168","21700.02","2015",1,"T","-"
"398","share_Up","2168","21700.02","2014",1,"T","-"
"398","share_Up","22110.02","22211","2022",0.3548032498,"I","c"
"398","share_Up","22110.02","22211","2021",0.3548032498,"I","c"
"398","share_Up","22110.02","22211","2020",0.3548032498,"I","c"
"398","share_Up","22110.02","22211","2019",0.3548032498,"I","c"
"398","share_Up","22110.02","22211","2018",0.3548032498,"I","c"
"398","share_Up","22110.02","22211","2017",0.3559359496,"I","c"
"398","share_Up","22110.02","22211","2016",0.3584438083,"I","c"
"398","share_Up","22110.02","22211","2015",0.3500299916,"I","c"
"398","share_Up","22110.02","22211","2014",0.3593340491,"I","c"
"398","share_Up","22110.02","22212","2022",0.0819086497,"I","c"
"398","share_Up","22110.02","22212","2021",0.0819086497,"I","c"
"398","share_Up","22110.02","22212","2020",0.0819086497,"I","c"
"398","share_Up","22110.02","22212","2019",0.0819086497,"I","c"
"398","share_Up","22110.02","22212","2018",0.0819086497,"I","c"
"398","share_Up","22110.02","22212","2017",0.083112476,"I","c"
"398","share_Up","22110.02","22212","2016",0.0845326817,"I","c"
"398","share_Up","22110.02","22212","2015",0.0780807913,"I","c"
"398","share_Up","22110.02","22212","2014",0.0867239551,"I","c"
"398","share_Up","22110.02","22260","2022",0.5632881005,"I","c"
"398","share_Up","22110.02","22260","2021",0.5632881005,"I","c"
"398","share_Up","22110.02","22260","2020",0.5632881005,"I","c"
"398","share_Up","22110.02","22260","2019",0.5632881005,"I","c"
"398","share_Up","22110.02","22260","2018",0.5632881005,"I","c"
"398","share_Up","22110.02","22260","2017",0.5609515743,"I","c"
"398","share_Up","22110.02","22260","2016",0.55702351,"I","c"
"398","share_Up","22110.02","22260","2015",0.5718892171,"I","c"
"398","share_Up","22110.02","22260","2014",0.5539419958,"I","c"
"398","share_Up","22130.01","22130.03","2022",1,"I","c"
"398","share_Up","22130.01","22130.03","2021",1,"I","c"
"398","share_Up","22130.01","22130.03","2020",1,"I","c"
"398","share_Up","22130.01","22130.03","2019",1,"I","c"
"398","share_Up","22130.01","22130.03","2018",1,"I","c"
"398","share_Up","22130.01","22130.03","2017",1,"I","c"
"398","share_Up","22130.01","22130.03","2016",1,"I","c"
"398","share_Up","22130.01","22130.03","2015",1,"I","c"
"398","share_Up","22130.01","22130.03","2014",1,"I","c"
"398","share_Up","22230.03","22230.04","2022",1,"I","c"
"398","share_Up","22230.03","22230.04","2021",1,"I","c"
"398","share_Up","22230.03","22230.04","2020",1,"I","c"
"398","share_Up","22230.03","22230.04","2019",1,"I","c"
"398","share_Up","23110","23140.08","2022",0.14,"E","f"
"398","share_Up","23110","23140.08","2021",0.17,"E","f"
"398","share_Up","23110","23140.08","2020",0.230878,"I","c"
"398","share_Up","23110","23140.08","2019",0.230878,"I","c"
"398","share_Up","23110","23140.08","2018",0.245878,"I","c"
"398","share_Up","23110","23140.08","2017",0.1310993533,"I","c"
"398","share_Up","23110","23140.08","2016",0.130375797,"I","c"
"398","share_Up","23110","23140.08","2015",0.1298331298,"I","c"
"398","share_Up","23110","23140.08","2014",0.1330891331,"I","c"
"398","share_Up","23110","23220.01","2022",0.77,"I","c"
"398","share_Up","23110","23220.01","2021",0.75,"I","c"
"398","share_Up","23110","23220.01","2020",0.6300002164,"I","c"
"398","share_Up","23110","23220.01","2019",0.6300002164,"E","f"
"398","share_Up","23110","23220.01","2018",0.61,"E","f"
"398","share_Up","23110","23220.01","2017",0.7341563786,"I","c"
"398","share_Up","23110","23220.01","2016",0.7301044634,"I","c"
"398","share_Up","23110","23220.01","2015",0.7270655271,"I","c"
"398","share_Up","23110","23220.01","2014",0.7452991453,"I","c"
"398","share_Up","23110","23220.02","2022",0.77,"I","c"
"398","share_Up","23110","23220.02","2021",0.75,"I","c"
"398","share_Up","23110","23220.02","2020",0.6300002164,"I","c"
"398","share_Up","23110","23220.02","2019",0.6300002164,"E","f"
"398","share_Up","23110","23220.02","2018",0.61,"E","f"
"398","share_Up","23110","23220.02","2017",0.7341563786,"I","c"
"398","share_Up","23110","23220.02","2016",0.7301044634,"I","c"
"398","share_Up","23110","23220.02","2015",0.7270655271,"I","c"
"398","share_Up","23110","23220.02","2014",0.7452991453,"I","c"
"398","share_Up","23110","23710","2022",0.09,"I","c"
"398","share_Up","23110","23710","2021",0.08,"I","c"
"398","share_Up","23110","23710","2020",0.1391217836,"I","c"
"398","share_Up","23110","23710","2019",0.1391217836,"I","c"
"398","share_Up","23110","23710","2018",0.144122,"I","c"
"398","share_Up","23110","23710","2017",0.1347442681,"I","c"
"398","share_Up","23110","23710","2016",0.1395197395,"I","c"
"398","share_Up","23110","23710","2015",0.1431013431,"I","c"
"398","share_Up","23110","23710","2014",0.1216117216,"I","c"
"398","share_Up","23120.03","23220.04","2022",1,"I","c"
"398","share_Up","23120.03","23220.04","2021",1,"I","c"
"398","share_Up","23120.03","23220.04","2020",1,"I","c"
"398","share_Up","23120.03","23220.04","2019",1,"I","c"
"398","share_Up","23120.03","23220.04","2018",1,"I","c"
"398","share_Up","23120.03","23220.04","2017",1,"I","c"
"398","share_Up","23120.03","23220.04","2016",1,"I","c"
"398","share_Up","23120.03","23220.04","2015",1,"I","c"
"398","share_Up","23120.03","23220.04","2014",1,"I","c"
"398","share_Up","23120.03","39130.02","2022",1,"I","c"
"398","share_Up","23120.03","39130.02","2021",1,"I","c"
"398","share_Up","23120.03","39130.02","2020",1,"I","c"
"398","share_Up","23120.03","39130.02","2019",1,"I","c"
"398","share_Up","23120.03","39130.02","2018",1,"I","c"
"398","share_Up","23120.03","39130.02","2017",1,"I","c"
"398","share_Up","23120.03","39130.02","2016",1,"I","c"
"398","share_Up","23120.03","39130.02","2015",1,"I","c"
"398","share_Up","23120.03","39130.02","2014",1,"I","c"
"398","share_Up","23140.04","23120.02","2022",1,"I","c"
"398","share_Up","23140.04","23120.02","2021",1,"I","c"
"398","share_Up","23140.04","23120.02","2020",1,"I","c"
"398","share_Up","23140.04","23120.02","2019",1,"I","c"
"398","share_Up","23140.04","23120.02","2018",1,"I","c"
"398","share_Up","23140.04","23120.02","2017",1,"I","c"
"398","share_Up","23140.04","23120.02","2016",1,"I","c"
"398","share_Up","23140.04","23120.02","2015",1,"I","c"
"398","share_Up","23140.04","23120.02","2014",1,"I","c"
"398","share_Up","23140.04","23140.05","2022",1,"I","c"
"398","share_Up","23140.04","23140.05","2021",1,"I","c"
"398","share_Up","23140.04","23140.05","2020",1,"I","c"
"398","share_Up","23140.04","23140.05","2019",1,"I","c"
"398","share_Up","23140.04","23140.05","2018",1,"I","c"
"398","share_Up","23140.04","23140.05","2017",1,"I","c"
"398","share_Up","23140.04","23140.05","2016",1,"I","c"
"398","share_Up","23140.04","23140.05","2015",1,"I","c"
"398","share_Up","23140.04","23140.05","2014",1,"I","c"
"398","share_Up","23140.06","21691.02","2022",1,"I","c"
"398","share_Up","23140.06","21691.02","2021",1,"I","c"
"398","share_Up","23140.06","21691.02","2020",1,"I","c"
"398","share_Up","23140.06","21691.02","2019",1,"I","c"
"398","share_Up","23140.06","21691.02","2018",1,"I","c"
"398","share_Up","23140.06","21691.02","2017",1,"I","c"
"398","share_Up","23140.06","21691.02","2016",1,"I","c"
"398","share_Up","23140.06","21691.02","2015",1,"I","c"
"398","share_Up","23140.06","21691.02","2014",1,"I","c"
"398","share_Up","23140.06","21910.02","2022",1,"I","c"
"398","share_Up","23140.06","21910.02","2021",1,"I","c"
"398","share_Up","23140.06","21910.02","2020",1,"I","c"
"398","share_Up","23140.06","21910.02","2019",1,"I","c"
"398","share_Up","23140.06","21910.02","2018",1,"I","c"
"398","share_Up","23140.06","21910.02","2017",1,"I","c"
"398","share_Up","23140.06","21910.02","2016",1,"I","c"
"398","share_Up","23140.06","21910.02","2015",1,"I","c"
"398","share_Up","23140.06","21910.02","2014",1,"I","c"
"398","share_Up","23161.02","23161.03","2022",1,"I","c"
"398","share_Up","23161.02","23161.03","2021",1,"I","c"
"398","share_Up","23161.02","23161.03","2020",1,"E","f"
"398","share_Up","23161.02","23161.03","2019",1,"I","c"
"398","share_Up","23161.02","23161.03","2018",1,"I","c"
"398","share_Up","23161.02","23161.03","2017",1,"I","c"
"398","share_Up","23161.02","23161.03","2016",1,"I","c"
"398","share_Up","23161.02","23161.03","2015",1,"I","c"
"398","share_Up","23161.02","23161.03","2014",1,"I","c"
"398","share_Up","23161.03","23120.01","2022",0.9,"I","c"
"398","share_Up","23161.03","23120.01","2021",0.9,"I","c"
"398","share_Up","23161.03","23120.01","2020",0.9,"I","c"
"398","share_Up","23161.03","23120.01","2019",0.9,"I","c"
"398","share_Up","23161.03","23120.01","2018",0.9,"I","c"
"398","share_Up","23161.03","23120.01","2017",0.9,"I","c"
"398","share_Up","23161.03","23120.01","2016",0.9,"I","c"
"398","share_Up","23161.03","23120.01","2015",0.9,"I","c"
"398","share_Up","23161.03","23120.01","2014",0.9,"I","c"
"398","share_Up","23161.03","23220.03","2022",0.1,"I","c"
"398","share_Up","23161.03","23220.03","2021",0.1,"I","c"
"398","share_Up","23161.03","23220.03","2020",0.1,"I","c"
"398","share_Up","23161.03","23220.03","2019",0.1,"I","c"
"398","share_Up","23161.03","23220.03","2018",0.1,"I","c"
"398","share_Up","23161.03","23220.03","2017",0.1,"I","c"
"398","share_Up","23161.03","23220.03","2016",0.1,"I","c"
"398","share_Up","23161.03","23220.03","2015",0.1,"I","c"
"398","share_Up","23161.03","23220.03","2014",0.1,"I","c"
"398","share_Up","23161.03","39130.01","2022",0.1,"I","c"
"398","share_Up","23161.03","39130.01","2021",0.1,"I","c"
"398","share_Up","23161.03","39130.01","2020",0.1,"I","c"
"398","share_Up","23161.03","39130.01","2019",0.1,"I","c"
"398","share_Up","23161.03","39130.01","2018",0.1,"I","c"
"398","share_Up","23161.03","39130.01","2017",0.1,"I","c"
"398","share_Up","23161.03","39130.01","2016",0.1,"I","c"
"398","share_Up","23161.03","39130.01","2015",0.1,"I","c"
"398","share_Up","23161.03","39130.01","2014",0.1,"I","c"
"398","share_Up","23220.02","39130.04","2022",1,"I","c"
"398","share_Up","23220.02","39130.04","2021",1,"I","c"
"398","share_Up","23220.02","39130.04","2020",1,"I","c"
"398","share_Up","23220.02","39130.04","2019",1,"I","c"
"398","share_Up","23220.02","39130.04","2018",1,"I","c"
"398","share_Up","23220.02","39130.04","2017",1,"I","c"
"398","share_Up","23220.02","39130.04","2016",1,"I","c"
"398","share_Up","23220.02","39130.04","2015",1,"I","c"
"398","share_Up","23220.02","39130.04","2014",1,"I","c"
"398","share_Up","23220.04","23210.05","2022",1,"E","f"
"398","share_Up","23220.04","23210.05","2021",1,"E","f"
"398","share_Up","2351f","23520","2022",1,"I","c"
"398","share_Up","2351f","23520","2021",1,"I","c"
"398","share_Up","2351f","23520","2020",1,"I","c"
"398","share_Up","2351f","23520","2019",1,"I","c"
"398","share_Up","2351f","23520","2018",1,"I","c"
"398","share_Up","2351f","23520","2017",1,"I","c"
"398","share_Up","2351f","23520","2016",1,"I","c"
"398","share_Up","2351f","23520","2015",1,"I","c"
"398","share_Up","2351f","23520","2014",1,"I","c"
"398","share_Up","23540","24110","2022",0.0254861119,"I","c"
"398","share_Up","23540","24110","2021",0.0254861119,"I","c"
"398","share_Up","23540","24110","2020",0.0254861119,"I","c"
"398","share_Up","23540","24110","2019",0.0254861119,"I","c"
"398","share_Up","23540","24110","2018",0.0254861119,"I","c"
"398","share_Up","23540","24110","2017",0.0261590297,"I","c"
"398","share_Up","23540","24110","2016",0.0240609937,"I","c"
"398","share_Up","23540","24110","2015",0.0262383123,"I","c"
"398","share_Up","23540","24110","2014",0.0281777831,"I","c"
"398","share_Up","23540","2413","2022",0.9745138881,"I","c"
"398","share_Up","23540","2413","2021",0.9745138881,"I","c"
"398","share_Up","23540","2413","2020",0.9745138881,"I","c"
"398","share_Up","23540","2413","2019",0.9745138881,"I","c"
"398","share_Up","23540","2413","2018",0.9745138881,"I","c"
"398","share_Up","23540","2413","2017",0.9738409703,"I","c"
"398","share_Up","23540","2413","2016",0.9759390063,"I","c"
"398","share_Up","23540","2413","2015",0.9737616877,"I","c"
"398","share_Up","23540","2413","2014",0.9718222169,"T","-"
"398","share_Up","24212.01","24212.02","2022",1,"T","-"
"398","share_Up","24212.01","24212.02","2021",1,"T","-"
"398","share_Up","24212.01","24212.02","2020",0,"T","-"
"398","share_Up","24212.01","24212.02","2019",0,"T","-"
"398","share_Up","24320","24110","2022",0.0023024796,"I","c"
"398","share_Up","24320","24110","2021",0.0023024796,"I","c"
"398","share_Up","24320","24110","2020",0.0023024796,"I","c"
"398","share_Up","24320","24110","2019",0.0023024796,"I","c"
"398","share_Up","24320","24110","2018",0.0023024796,"I","c"
"398","share_Up","24320","24110","2017",0.0023573772,"I","c"
"398","share_Up","24320","24110","2016",0.0022238161,"I","c"
"398","share_Up","24320","24110","2015",0.0023262456,"I","c"
"398","share_Up","24320","24110","2014",0.0025220697,"I","c"
"398","share_Up","24320","2413","2022",0.15,"I","c"
"398","share_Up","24320","2413","2021",0.15,"I","c"
"398","share_Up","24320","2413","2020",0.0908312563,"I","c"
"398","share_Up","24320","2413","2019",0.0908312563,"I","c"
"398","share_Up","24320","2413","2018",0.0908312563,"I","c"
"398","share_Up","24320","2413","2017",0.0903633396,"I","c"
"398","share_Up","24320","2413","2016",0.0929702478,"I","c"
"398","share_Up","24320","2413","2015",0.0891601817,"I","c"
"398","share_Up","24320","2413","2014",0.0481115812,"T","-"
"398","share_Up","24320","24310.01","2022",0.85,"T","-"
"398","share_Up","24320","24310.01","2021",0.85,"T","-"
"398","share_Up","24320","24310.01","2020",0.9068662641,"T","-"
"398","share_Up","24320","24310.01","2019",0.9068662641,"T","-"
"398","share_Up","24320","24310.01","2018",0.9068662641,"T","-"
"398","share_Up","24320","24310.01","2017",0.9072792832,"T","-"
"398","share_Up","24320","24310.01","2016",0.9048059361,"T","-"
"398","share_Up","24320","24310.01","2015",0.9085135727,"T","-"
"398","share_Up","24320","24310.01","2014",0.9493663491,"T","-"
"398","share_Up","F0665","F0666","2022",0,"I","c"
"398","share_Up","F0665","F0666","2021",0,"I","c"
"398","share_Up","F0665","F0666","2020",0,"I","c"
"398","share_Up","F0665","F0666","2019",0,"I","c"
"398","share_Up","F0665","F0666","2018",0,"I","c"
"398","share_Up","F0665","F0666","2017",0,"I","c"
"398","share_Up","F0665","F0666","2016",0,"I","c"
"398","share_Up","F0665","F0666","2015",0,"I","c"
"398","share_Up","F0665","F0666","2014",0,"I","c"
