fcl,fcl_cpc_parlink,cpc,cpc_fcl_parlink,description,suafbs_convfact,suafbs_notes,fclcpc_convfact,production_notes
0020,,F0020,,bread,1,,0,
0022,,F0022,,pastry,1,,0,
0235,,F0235,,prepared nuts,1,,0,
0262,,F0262,,olives preserved,1,,0,
0472,,F0472,,vegetables preserved nes (o/t vinegar),1,,0,
0473,,F0473,,vegetables frozen,1,,0,
0475,,F0475,,vegetables preserved (frozen),1,,0,
0623,,F0623,,fruit prepared n.e.c.,1,,0,
0665,,F0665,,cocoa powder and cake,1,,0,
0666,,F0666,,chocolate products nes,1,,0,
0769,,F0769,,cotton waste,1,,0,
0875,,F0875,,beef and veal preparations nes,1,,0,
0994,,F0994,,wool grease and lanolin,1,,0,
1009,,F1009,,"wool, hair waste",1,,0,
1042,,F1042,,pig meat preparations,1,,0,
1061,,F1061,,poultry meat preparations ,1,,0,
1172,,F1172,,meat prepared n.e.c.,1,,0,
1217,,F1217,,"leather, used and waste",1,,0,
1223,,F1223,,oil from fish and marine mammals,1,,0,
1232,,F1232,,food preparations n.e.c.,1,,0,
1243,,F1243,,fat preparations n.e.c.,1,,0,
1275,,F1275,,hydrogenated oils and fats,1,,0,
1293,,F1293,,crude organic material n.e.c.,1,,0,
1294,,F1294,,seeds for planting,1,,0,
0016,true,23110,,wheat and meslin flour,1,"Includes groats, meal and pellets of wheat (23130.01).",1,Does not include beer of barley non alcoholic (24490)
0038,true,23120.01,,flour of rice,1,"Includes groats, meal and pellets of rice (23130.02)",1,Does not include beer of maize non alcoholic (24490)
0048,true,23120.02,,barley flour and grits,1,"Includes groats, meal and pellets of barley (23130.03)",1,Does not include beer of millet non alcoholic (24490)
0051,true,24310.01,,"beer of barley, malted",1,Includes beer of barley non alcoholic (24490),1,Does not include beer of sorghum non alcoholic (24490)
0058,true,23120.03,,flour of maize,1,"Includes groats, meal and pellets of maize (23130.04)",1,
0066,true,24310.02,,"beer of maize, malted",1,Includes beer of maize non alcoholic (24490),1,
0072,true,23120.04,,flour of rye,1,"Includes groats, meal and pellets of rye (23130.05)",1,
0080,true,23120.05,,flour of millet,1,"Includes groats, meal and pellets of millet (23130.06)",1,
0082,true,24310.03,,"beer of millet, malted",1,Includes beer of millet non alcoholic (24490),1,
0084,true,23120.06,,flour of sorghum,1,"Includes groats, meal and pellets of sorghum (23130.07)",1,
0086,true,24310.04,,"beer of sorghum, malted",1,Includes beer of sorghum non alcoholic (24490),1,
0090,true,23120.07,,flour of buckwheat,1,"Includes groats, meal and pellets of buckwheat (23130.08)",1,
0095,true,23120.08,,flour of fonio,1,"Includes groats, meal and pellets of fonio (23130.09)",1,"Includes other oleaginous fruits, n.e.c. (01499.90)"
0098,true,23120.09,,flour of triticale,1,"Includes groats, meal and pellets of triticale (23130.10)",1,"Includes: Other leafy or stem vegetables n.e.c.; Other fruit-bearing vegetables n.e.c.; Other green leguminous vegetables; Other root, bulb and tuberous vegetables, n.e.c. (01219.90; 01239.90; 01249; 01259)"
0104,true,23120.10,,flour of mixed grain,1,"Includes groats, meal and pellets of mixed grain (23130.11)",1,"Includes information on blackberries, mulberries and loganberries (01353.02)"
0111,true,23120.90,,flour of cereals nes,1,"Includes groats, meal and pellets of cereals nes (23130.90)",1,Includes sparkling wine
0220,true,01373,,"chestnuts, in shell",1,Includes shelled (21429.03),1,Includes dates dried (21419.03)
0223,true,01375,,"pistachios, in shell",1,Includes shelled (21429.04),1,
0226,true,01379.01,,areca nuts ,1,Includes shelled (21429.05),1,"Includes Other tropical and subtropical fruits, n.e.c. (01319)"
0234,true,01379.90,,"other nuts (excluding wild edible nuts and groundnuts), in shell, n.e.c.",1,Includes shelled (21429.90),1,"Includes natural water and bottled waters, not sweetened or flavoured"
0268,true,21631.01,,"sunflower-seed oil, crude",1,includes refined oil (21632.01),1,"Includes Green tea (not fermented), black tea (fermented) and partly fermented tea, in immediate packings of a content not exceeding 3 kg (23913)"
0271,true,21641.01,,"rapeseed or canola oil , crude",1,includes refined oil (21642.01),1,"Production questionnaire explanatory notes specifies: ""Production data of spices should be reported in terms of ripe, dried/powdered products"""
0281,true,21631.02,,"safflower-seed oil, crude",1,includes refined oil (21632.02),1,"Production questionnaire explanatory notes specifies: ""Production data of spices should be reported in terms of ripe, dried/powdered products"""
0293,true,21641.02,,"mustardseed oil, crude",1,includes refined oil (21642.02),1,"Production questionnaire explanatory notes specifies: ""Production data of spices should be reported in terms of ripe, dried/powdered products"""
0339,true,01449.90,,"other oil seeds, n.e.c.",1,"Includes other oleaginous fruits, n.e.c. (01499.90)",1,"Production questionnaire explanatory notes specifies: ""Production data of spices should be reported in terms of ripe, dried/powdered products"""
1069,true,21122,,"meat of ducks, fresh or chilled",1,,,Official data not avaialble for production. Not included in the production questionnaire.
1073,true,21123,,"meat of geese, fresh or chilled",1,,,Official data not avaialble for production. Not included in the production questionnaire.
0463,true,01290.90,,"other vegetables, fresh n.e.c.",1,"Includes: Other leafy or stem vegetables n.e.c.; Other fruit-bearing vegetables n.e.c.; Other green leguminous vegetables; Other root, bulb and tuberous vegetables, n.e.c. (01219.90; 01239.90; 01249; 01259)",1,"Production questionnaire explanatory notes specifies: ""Production data of spices should be reported in terms of ripe, dried/powdered products"""
0558,true,01355.90,,other berries and fruits of the genus vaccinium,1,"Includes information on blackberries, mulberries and loganberries (01353.02)",1,"Production questionnaire explanatory notes specifies: ""Production data of spices should be reported in terms of ripe, dried/powdered products"""
0564,true,24212.02,,wine,1,Includes sparkling wine,1,"Production questionnaire explanatory notes specifies: ""Production data of spices should be reported in terms of ripe, dried/powdered products"""
0577,true,01314,,dates,1,Includes dates dried (21419.03),1,"Production questionnaire explanatory notes specifies: ""Production data of spices should be reported in terms of ripe, dried/powdered products"""
0603,,01319,,"other tropical fruits, n.e.c.",1,"The descriptor is modified for FAO purpose (the original CPC descriptor is ""other tropical and subtropical fruits, n.e.c"".).Only includes tropical and excludes subtropical fruits (subtropical fruits are under 01359.90). ",1,Includes fibre and tow (26190.03)
0619,true,01359.90,,other fruits n.e.c. ,1,"Includes other subtropical fruits, n.e.c. (originally under 01319)",1,Includes processed but not spun; tow and waste of these fibres (26190.04)
0631,true,17400,,ice and snow,1,"Includes natural water and bottled waters, not sweetened or flavoured",1,Includes processed but not spun; tow and waste of these fibres (26170.01)
0667,true,01620,,tea leaves,1,"includes Green tea (not fermented), black tea (fermented) and partly fermented tea, in immediate packings of a content not exceeding 3 kg (23913)",1,Includes processed but not spun; tow and waste of these fibres (26170.02)
0687,true,01651,,"pepper (piper spp.), raw",1,includes processed,1,Includes processed but not spun; tow and waste of these fibres (26190.05)
0689,true,01652,,"chillies and peppers, dry (capsicum spp. and pimenta spp.), raw",1,includes processed,1,Includes processed but not spun; tow and waste of these fibres (26190.06)
0692,true,01658,,"vanilla, raw",1,includes processed,1,Includes processed but not spun; tow and waste of these fibres (26190.07)
0693,true,01655,,"cinnamon and cinnamon-tree flowers, raw",1,includes processed,1,Includes processed but not spun; tow and waste of these fibres (26190.08)
0698,true,01656,,"cloves (whole stems), raw",1,includes processed,1,Includes processed but not spun; tow and waste of these fibres (26190.09)
0702,true,01653,,"nutmeg, mace, cardamoms, raw",1,includes processed,1,Includes processed but not spun; tow and waste of these fibres (26190.90)
0711,true,01654,,"anise, badian, coriander, cumin, caraway, fennel and juniper berries, raw",1,includes processed,1,"Production questionnaire explanatory notes specifies: ""Production data should relates to farm sales weight of unmanufactured dry tobacco leaves"""
0720,true,01657,,"ginger, raw",1,includes processed,1,
0777,true,01929.02,,"true hemp, raw or retted",1,Includes fibre and tow (26190.03),1,
0778,true,01929.03,,"kapok fibre, raw",1,Includes processed but not spun; tow and waste of these fibres (26190.04),1,
0780,true,01922.01,,"jute, raw or retted",1,Includes processed but not spun; tow and waste of these fibres (26170.01),1,includes pulled wool
0782,true,01922.02,,"kenaf, and other textile bast fibres, raw or retted ",1,Includes processed but not spun; tow and waste of these fibres (26170.02),1,
0788,true,01929.04,,"ramie, raw or retted",1,Includes processed but not spun; tow and waste of these fibres (26190.05),1,
0789,true,01929.05,,"sisal, raw",1,Includes processed but not spun; tow and waste of these fibres (26190.06),1,Includes Guidea fowls (02155)
0800,true,01929.06,,"agave fibres, raw, n.e.c. ",1,Includes processed but not spun; tow and waste of these fibres (26190.07),1,Includes meat of guinea fowl fresh or chilled (21125)
0809,true,01929.07,,"abaca, manila hemp, raw",1,Includes processed but not spun; tow and waste of these fibres (26190.08),1,
0813,true,01929.08,,"coir, raw",1,Includes processed but not spun; tow and waste of these fibres (26190.09),1,
0821,true,01929.90,,"other fibre crops, raw, n.e.c.",1,Includes processed but not spun; tow and waste of these fibres (26190.90),1,
0826,true,01970,,unmanufactured tobacco,1,"Production questionnaire explanatory notes specifies: ""Production data should relates to farm sales weight of unmanufactured dry tobacco leaves""",1,
0867,true,21111.01,,"meat of cattle with the bone, fresh or chilled",1,Includes meat frozen (21131.01),1,
0870,true,21111.02,,"meat of cattle boneless, fresh or chilled",1,Includes meat frozen (21111.02),1,
0947,true,21112,,"meat of buffalo, fresh or chilled",1,Includes meat frozen (21132),1,
0977,true,21115,,"meat of sheep, fresh or chilled",1,Includes meat frozen (21135),1,
0987,true,02941,,"shorn wool, greasy, including fleece-washed shorn wool",1,includes pulled wool,1,
1017,true,21116,,"meat of goat, fresh or chilled",1,Includes meat frozen (21136),1,
1035,true,21113.01,,"meat of pig with the bone, fresh or chilled",1,Includes meat frozen (21133.01),1,
1038,true,21113.02,,"meat of pig boneless, fresh or chilled",1,Includes meat frozen (21133.02),,Official data not avaialble for production. Not included in the production questionnaire.
1057,true,02151,,chickens,1,Includes Guidea fowls (02155),,Official data not avaialble for production. Not included in the production questionnaire.
1058,true,21121,,"meat of chickens, fresh or chilled",1,"Includes meat of chicken frozen and meat of guinea fowl fresh, chilled or frozen (21141, 21125, 21145)",,Official data not avaialble for production. Not included in the production questionnaire.
0097,,01191,,triticale,1,,1,
1080,true,21124,,"meat of turkeys, fresh or chilled",1,,,Official data not avaialble for production. Not included in the production questionnaire.
1097,true,21118.01,,"horse meat, fresh or chilled",1,,,Official data not avaialble for production. Not included in the production questionnaire.
1108,true,21118.02,,"meat of asses, fresh or chilled",1,,,Official data not avaialble for production. Not included in the production questionnaire.
1111,true,21118.03,,"meat of mules, fresh or chilled",1,Includes meat frozen (21138.03),,Official data not avaialble for production. Not included in the production questionnaire.
1127,true,21117.01,,"meat of camels, fresh or chilled",1,,,Official data not avaialble for production. Not included in the production questionnaire.
1141,true,21114,,"meat of rabbits and hares, fresh or chilled",1,,,Official data not avaialble for production. Not included in the production questionnaire.
1151,true,21119.01,,"meat of other domestic rodents, fresh or chilled",1,,,Official data not avaialble for production. Not included in the production questionnaire.
1158,true,21117.02,,"meat of other domestic camelids, fresh or chilled",1,,,Official data not avaialble for production. Not included in the production questionnaire.
1163,true,21170.02,,"game meat, fresh, chilled or frozen",1,,,Official data not avaialble for production. Not included in the production questionnaire.
1166,true,21170.92,,"other meat n.e.c. (excluding mammals), fresh, chilled or frozen",1,,,Official data not avaialble for production. Not included in the production questionnaire.
1167,true,21170.93,,"offals n.e.c. (excluding mammals),fresh, chilled or frozen",1,Includes mammals! (21159.90),,"No data available, for production and trade: suggested deletion of these categories"
1169,true,02199.10,,"other live animals non food, n.e.c.",1,Includes reptiles (02195) and other mammals n.e.c. (02192.90),,"No data available, for production and trade: suggested deletion of these categories"
1171,true,02199.20,,"other live animals, n.e.c.",1,Includes other ruminants n.e.c. (02129) and ostriches and emus (02193),,"No data available, for production and trade: suggested deletion of these categories"
0015,,0111,,wheat,1,,1,
0017,,39120.01,,bran of wheat,1,,1,
0018,,23710,,"uncooked pasta, not stuffed or otherwise prepared",1,,1,
0019,,23140.01,,germ of wheat,1,,1,
0021,,23140.02,,bulgur,1,,1,
0023,,23220.01,,starch of wheat,1,,1,
0024,,23220.02,,wheat gluten,1,,1,
0026,,24230.01,,wheat-fermented beverages,1,,1,
0027,,0113,,rice,1,,1,
0028,,23162,,husked rice,1,,1,
0029,,23161.01,,"rice, milled (husked)",1,,1,
0031,,23161.02,,"rice, milled",1,,1,
0032,,23161.03,,"rice, broken",1,,1,
0033,,39130.01,,"rice, gluten",1,,1,
0034,,23220.03,,starch of rice,1,,1,
0035,,39120.02,,bran of rice,1,,1,
0036,,21691.01,,oil of rice bran,1,,1,
0037,,21910.01,,cake of rice bran,1,,1,
0039,,24230.02,,rice-fermented beverages,1,,1,
0041,,23140.03,,breakfast cereals,1,,1,
0044,,0115,,barley,1,,1,
0045,,23140.04,,pot barley,1,,,Official data not avaialble for production. Not included in the production questionnaire.
0046,,23140.05,,"barley, pearled",1,,,Official data not avaialble for production. Not included in the production questionnaire.
0047,,39120.03,,bran of barley,1,,,Official data not avaialble for production. Not included in the production questionnaire.
0049,,24320,,"malt, whether or not roasted",1,,,Official data not avaialble for production. Not included in the production questionnaire.
0050,,23999.01,,malt extract,1,,1,
0056,,0112,true,maize (corn),1,,1,
0057,,23140.06,,germ of maize,1,,1,
0059,,39120.04,,bran of maize,1,,1,"Definitions in the production questionnaire specify that ""White Maize used mainly for food is included in Maize"" "
0060,,21691.02,,oil of maize,1,,1,Not included in production questionnaire. Popcorn data are only for USA 1961-1981
0061,,21910.02,,cake of maize,1,,1,
0063,,39130.02,,maize gluten,1,,1,
0064,,23220.04,,starch of maize,1,,1,
0067,,0112,true,maize (corn),1,"In the new SWS, FCL 0067 is grouped with 0112.",1,
0068,,0112,true,maize (corn),1,"In the new SWS, FCL 0067 is grouped with 0112 (it is noted that popcorn in primary equivalent for FBS is part of cereals nes, and not of maize)",1,
0071,,0116,,rye,1,,1,
0073,,39120.05,,bran of rye,1,,1,
0075,,0117,,oats,1,,1,
0076,,23140.07,,"oats, rolled",1,,1,
0077,,39120.06,,bran of oats,1,,1,
0079,,0118,,millet,1,,1,
0081,,39120.07,,bran of millet,1,,1,
0083,,0114,,sorghum,1,,1,
0085,,39120.08,,bran of sorghum,1,,1,
0089,,01192,,buckwheat,1,,1,
0091,,39120.09,,bran of buckwheat,1,,1,
0092,,01194,,quinoa,1,,1,
0094,,01193,,fonio,1,,1,
0096,,39120.10,,bran of fonio,1,,1,
0099,,39120.11,,bran of triticale,1,,1,
0101,,01195,,canary seed,1,,1,
0103,,01199.02,,mixed grain,1,,1,
0105,,39120.12,,bran of mixed grain,1,,1,
0108,,01199.90,,other cereals n.e.c.,1,,1,
0109,,23991.01,,infant food,1,,1,
0110,,23490.01,,"communion wafers, empty cachets of a kind suitable for pharmaceutical use, sealing wafers, rice paper and similar products.",1,,1,
0112,,39120.13,,bran of cereals nes,1,,1,
0113,,23140.08,,cereal preparations,1,,1,
0114,,23180,,mixes and doughs for the preparation of bakers' wares,1,,1,
0115,,23999.02,,"food preparations of flour, meal or malt extract",1,,1,
0116,,01510,,potatoes,1,,1,
0117,,21392,,"flour, meal, powder, flakes, granules and pellets of potatoes",1,,1,
0118,,21313,,"potatoes, frozen",1,,1,
0119,,23220.05,,starch of potatoes,1,,1,
0120,,39130.03,,potato offals,1,,1,
0121,,23230.01,,tapioca of potatoes,1,,1,
0122,,01530,,sweet potatoes,1,,1,
0125,,01520.01,,"cassava, fresh",1,,1,
0126,,23170.01,,flour of cassava,1,,1,
0127,,23230.02,,tapioca of cassava,1,,1,
0128,,01520.02,,"cassava, dried",1,,1,
0129,,23220.06,,starch of cassava,1,,1,
0135,,01591,,yautia ,1,,1,
0136,,01550,,taro ,1,,1,
0137,,01540,,yams,1,,1,
0149,,01599.10,,"edible roots and tubers with high starch or inulin content, n.e.c., fresh",1,,1,
0150,,23170.02,,flour of roots and tubers nes,1,,1,
0151,,01599.20,,"edible roots and tubers with high starch or inulin content, n.e.c., dry",1,,1,
0154,,23210.01,,"fructose, chemically pure",1,,1,
0155,,23210.02,,"maltose, chemically pure",1,,1,
0156,,01802,,sugar cane,1,,1,
0157,,01801,,sugar beet,1,,1,
0158,,23511.01,,"cane sugar, entrifugal",1,,1,
0159,,23512,,beet sugar,1,,1,
0160,,23530,,"refined cane or beet sugar, in solid form, containing added flavouring or colouring matter; maple sugar and maple syrup",1,,1,
0161,,01809,,other sugar crops n.e.c.,1,,1,
0162,,2351f,,raw cane or beet sugar (centrifugal only),,,,
0163,,23511.02,,"cane sugar, non-centrifugal",1,,1,
0164,,23520,,refined sugar,1,,1,
0165,,23540,,"molasses (from beet, cane and maize)",1,,1,
0166,,23210.03,,other fructose and syrup,1,,1,
0167,,23210.04,,sugar and syrups nes,1,,1,
0168,,23670.01,,sugar confectionery,1,,1,
0169,,39140.01,,beet pulp,1,,1,
0170,,39140.02,,bagasse,1,,1,
0172,,23210.05,,glucose and dextrose,1,,1,
0173,,23210.06,,lactose,1,,1,
0174,,23210.07,,glucose and glucose syrup; fructose and fructose syrup; lactose and lactose syrup; invert sugar; sugars and sugar syrups n.e.c.; artificial honey; caramel,1,,1,
0175,,23210.08,,isoglucose,1,,1,
0176,,01701,,"beans, dry",1,,1,
0181,,01702,,"broad beans and horse beans, dry",1,,1,
0187,,01705,,"peas, dry",1,,1,
0191,,01703,,"chick peas, dry",1,,1,
0195,,01706,,"cow peas, dry",1,,1,
0197,,01707,,"pigeon peas, dry",1,,1,
0201,,01704,,"lentils, dry",1,,1,
0203,,01708,,"bambara beans, dry",1,,1,
0205,,01709.01,,vetches,1,,1,
0210,,01709.02,,lupins ,1,,1,
0211,,01709.90,,other pulses n.e.c.,1,,1,
0212,,23170.03,,flour of pulses,1,,1,
0213,,39120.14,,bran of pulses,1,,1,
0216,,01377,,"brazil nuts, in shell",1,,1,
0217,,01372,,"cashew nuts, in shell",1,,1,
0221,,01371,,"almonds, in shell",1,,1,
0222,,01376,,"walnuts, in shell",1,,1,
0224,,01379.02,,kola nuts,1,,1,
0225,,01374,,"hazelnuts, in shell",1,,1,
0229,,21429.01,,"brazil nuts, shelled",1,,1,
0230,,21424,,"cashew nuts, shelled",1,,1,
0231,,21422,,"almonds, shelled",1,,1,
0232,,21429.02,,"walnuts, shelled",1,,1,
0233,,21423,,"hazelnuts, shelled",1,,1,
0236,,0141,,soya beans,1,,1,
0237,,2161,,soya bean oil,1,,1,
0238,,21910.03,,cake of  soya beans,1,,1,
0239,,23995.01,,soya sauce,1,,1,
0240,,23995.02,,soya paste,1,,1,
0241,,23999.03,,soya curd,1,,1,
0242,,0142,,"groundnuts, excluding shelled",1,,1,
0243,,21421,,"groundnuts, shelled",1,,1,
0244,,2162,,groundnut oil,1,,1,
0245,,21910.04,,cake of  groundnuts,1,,1,
0246,,21495.01,,prepared groundnuts,1,,1,
0247,,21495.02,,peanut butter,1,,1,
0249,,01460,,"coconuts, in shell",1,,1,
0250,,21429.07,,"coconuts, desiccated",1,,1,
0251,,01492,,copra,1,,1,
0252,,2166,,coconut oil,1,,1,
0253,,21910.05,,cake of copra,1,,1,
0254,,01491.01,,oil palm fruit,1,,1,
0256,,01491.02,,palm kernels,1,,1,
0257,,2165,,palm oil,1,,1,
0258,,21691.14,,oil of palm kernel,1,,1,
0259,,21910.06,,cake of  palm kernel,1,,1,
0260,,01450,,olives,1,,1,
0261,,2167,,olive oil,1,,1,
0263,,01499.01,,karite nuts (sheanuts),1,,1,
0264,,21691.03,,butter of karite nuts,1,,1,
0265,,01447,,castor oil seeds,1,,1,
0266,,21691.04,,oil of castor beans,1,,1,
0267,,01445,,sunflower seed,1,,1,
0269,,21910.07,,cake of  sunflower seed,1,,1,
0270,,01443,,rapeseed or colza seed,1,,1,
0272,,21910.08,,cake of  rapeseed,1,,1,
0273,,21910.09,,olive residues,1,,1,
0274,,21673,,oil of olive residues,1,,1,
0275,,01499.02,,tung nuts,1,,1,
0276,,21691.05,,oil of tung nuts,1,,1,
0277,,01499.03,,jojoba seeds,1,,1,
0278,,21691.06,,jojoba oil,1,,1,
0280,,01446,,safflower seed,1,,1,
0282,,21910.10,,cake of  safflowerseed,1,,1,
0289,,01444,,sesame seed,1,,1,
0290,,21691.07,,oil of sesame seed,1,,1,
0291,,21910.11,,cake of  sesame seed,1,,1,
0292,,01442,,mustard seed,1,,1,
0294,,21910.12,,cake of  mustard seed,1,,1,
0295,,23995.03,,flour of mustard seed,1,,1,
0296,,01448,,poppy seed,1,,1,
0297,,21691.08,,oil of poppy seed,1,,1,
0298,,21910.13,,cake of  poppy seed,1,,1,
0299,,01449.01,,melonseed,1,,1,
0305,,01499.04,,tallowtree seeds,1,,1,
0306,,21691.09,,vegetable tallow,1,,1,
0307,,21691.10,,stillingia oil,1,,1,
0310,,01499.05,,kapok fruit,1,,1,
0311,,01499.06,,kapokseed in shell,1,,1,
0312,,01499.07,,"kapokseed, shelled",1,,1,
0313,,21691.11,,oil of kapok,1,,1,
0314,,21910.14,,cake of kapok,1,,1,
0328,,01921.01,,"seed cotton, unginned",1,,1,
0329,,0143,,cottonseed,1,,1,
0331,,2168,,cottonseed oil,1,,1,
0332,,21910.15,,cake of  cottonseed,1,,1,
0333,,01441,,linseed,1,,1,
0334,,21691.12,,oil of linseed,1,,1,
0335,,21910.16,,cake of  linseed,1,,1,
0336,,01449.02,,hempseed,1,,1,
0337,,21691.13,,oil of hempseed,1,,1,
0338,,21910.17,,cake of hempseed,1,,1,
0340,,21691.90,,"other oil of vegetable origin, crude n.e.c.",1,,1,
0341,,21910.90,,cake of oilseeds nes,1,,1,
0343,,21920,,"flours and meals of oil seeds or oleaginous fruits, except those of mustard",1,,1,
0358,,01212,,cabbages,1,,1,
0366,,01216,,artichokes,1,,1,
0367,,01211,,asparagus,1,,1,
0372,,01214,,lettuce and chicory,1,,1,
0373,,01215,,spinach,1,,1,
0378,,01219.01,,cassava leaves,1,,1,
0388,,01234,,tomatoes,1,,1,
0390,,21321,,tomato juice,1,,1,
0391,,21399.01,,paste of tomatoes,1,,1,
0392,,21399.02,,"tomatoes, peeled (o/t vinegar)",1,,1,
0393,,01213,,cauliflowers and broccoli,1,,1,
0394,,01235,,"pumpkins, squash and gourds",1,,1,
0397,,01232,,cucumbers and gherkins,1,,1,
0399,,01233,,eggplants (aubergines),1,,1,
0401,,01231,,"chillies and peppers, green (capsicum spp. and pimenta spp.)",1,,1,
0402,,01253.01,,"onions and shallots, green",1,,1,
0403,,01253.02,,"onions and shallots, dry (excluding dehydrated)",1,,1,
0406,,01252,,green garlic,1,,1,
0407,,01254,,leeks and other alliaceous vegetables,1,,1,
0414,,01241.90,,"other beans, green",1,,1,
0417,,01242,,"peas, green",1,,1,
0420,,01243,,"broad beans and horse beans, green ",1,,1,
0423,,01241.01,,string beans ,1,,1,
0426,,01251,,carrots and turnips,1,,1,
0430,,01239.01,,okra ,1,,1,
0446,,01290.01,,green corn (maize) ,1,,1,
0447,,21319.01,,"sweet corn, frozen",1,,1,
0448,,21399.03,,"sweet corn, prepared or preserved",1,,1,
0449,,01270,,mushrooms and truffles,1,,1,
0450,,21393.01,,dried mushrooms,1,,1,
0451,,21397.01,,canned mushrooms,1,,1,
0459,,01691,,chicory roots ,1,,1,
0460,,01990.01,,"vegetable products, fresh or dry nes",1,,1,
0461,,01356,,locust beans (carobs),1,,1,
0466,,21329,,other vegetable juices,1,,1,
0469,,21393.90,,"vegetables, dehydrated",1,,1,
0471,,21340,,"vegetables, pulses and potatoes, preserved by vinegar or acetic acid",1,,1,
0474,,21330.90,,other vegetables provisionally preserved,1,,1,
0476,,23991.02,,homogenized vegetable preparations,1,,1,
0486,,01312,,bananas,1,,1,
0489,,01313,,plantains and others,1,,1,
0490,,01323,,oranges,1,,1,
0491,,21431.01,,orange juice,1,,1,
0492,,21431.02,,"orange juice, concentrated",1,,1,
0495,,01324,,"tangerines, mandarins, clementines",1,,1,
0496,,21439.01,,juice of tangerine,1,,1,
0497,,01322,,lemons and limes,1,,1,
0498,,21439.02,,juice of lemon,1,,1,
0499,,21439.03,,"lemon juice, concentrated",1,,1,
0507,,01321,,pomelos and grapefruits,1,,1,
0509,,21432,,grapefruit juice,1,,1,
0510,,21432.01,,"grapefruit juice, concentrated",1,,1,
0512,,01329,,"other citrus fruit, n.e.c.",1,,1,
0513,,21439.04,,juice of citrus fruit nes,1,,1,
0514,,21439.05,,"citrus juice, concentrated nes",1,,1,
0515,,01341,,apples,1,,1,
0517,,24230.03,,cider and other fermented beverages,1,,1,
0518,,21435.01,,apple juice,1,,1,
0519,,21435.02,,"apple juice, concentrated",1,,1,
0521,,01342.01,,pears,1,,1,
0523,,01342.02,,quinces,1,,1,
0526,,01343,,apricots,1,,1,
0527,,21419.01,,"apricots, dried",1,,1,
0530,,01344.01,,sour cherries,1,,1,
0531,,01344.02,,cherries,1,,1,
0534,,01345,,peaches and nectarines,1,,1,
0536,,01346,,plums and sloes,1,,1,
0537,,21412,,"plums, dried",1,,1,
0538,,21439.06,,juice of plum,1,,1,
0539,,21439.07,,"juice of plum, concentrated",1,,1,
0541,,01349.20,,other stone fruits,1,,1,
0542,,01349.10,,other pome fruits,1,,1,
0544,,01354,,strawberries,1,,1,
0547,,01353.01,,raspberries,1,,1,
0549,,01351.02,,gooseberries ,1,,1,
0550,,01351.01,,currants,1,,1,
0552,,01355.01,,blueberries,1,,1,
0554,,01355.02,,cranberries,1,,1,
0560,,01330,,grapes,1,,1,
0561,,21411,,raisins,1,,1,
0562,,21434,,grape juice,1,,1,
0563,,24212.01,,must of grape,1,,1,
0565,,24220,,vermouth and other wine of fresh grapes flavoured with plats or aromatic substances,1,,1,
0566,,39120.18,,marc of grape,1,,1,
0567,,01221,,watermelons,1,,1,
0568,,01229,,cantaloupes and other melons,1,,1,
0569,,01315,,figs,1,,1,
0570,,21419.02,,"figs, dried",1,,1,
0571,,01316,,"mangoes, guavas, mangosteens",1,,1,
0572,,01311,,avocados,1,,1,
0574,,01318,,pineapples,1,,1,
0575,,21491,,"pineapples, otherwise prepared or preserved",1,,1,
0576,,21433,,pineapple juice,1,,1,
0580,,21433.01,,"juice of pineapples, concentrated",1,,1,
0583,,21439.08,,juice of mango,1,,1,
0584,,21499.01,,mango pulp,1,,1,
0587,,01359.01,,persimmons,1,,1,
0591,,01359.02,,cashewapple,1,,1,
0592,,01352,,kiwi fruit,1,,1,
0600,,01317,,papayas,1,,1,
0604,,21419.91,,"other tropical fruit, dried",1,,1,
0620,,21419.99,,"other fruit n.e.c., dried",1,,1,
0622,,21439.9,,juice of fruits n.e.c.,1,,1,
0624,,23170.04,,flour of fruits,1,,1,
0625,,23670.02,,"fruit, nuts, peel, sugar preserved",1,,,Official data not avaialble for production. Not included in the production questionnaire.
0626,,23991.03,,"homogenized cooked fruit, prepared",1,,1,
0628,,39120.15,,"pulp, waste of fruit for feed",1,,1,
0629,,39120.16,,beet tops,1,,1,
0630,,39120.17,,cane tops,1,,1,
0632,,24110,,undenatured ethyl alcohol of an alcoholic strength by volume of 80% vol or higher,1,,1,
0633,,24490,,other non-alcoholic caloric beverages n.e.c,1,Includes non alcoholic beer.,1,
0634,,2413,,"undenatured ethyl alcohol of an alcoholic strength by volume of less than 80% vol; spirits, liqueurs and other spirituous beverages",1,,1,
0635,,01913,,"cereal straw, husks, unprepared, ground, pressed, or in the form of pellets",1,,1,
0636,,01911,,maize for forage and silage,1,,1,
0637,,01919.01,,"sorghum, for forage",1,,1,
0638,,01919.02,,"rye grass, for forage",1,,1,
0639,,01919.91,,"other grasses, for forage",1,,1,
0640,,01919.03,,"clover, for forage",1,,1,
0641,,01912,,alfalfa for forage and silage,1,,1,
0642,,01919.94,,"other oilseeds, for forage",1,,1,
0643,,01919.92,,"other legumes, for forage",1,,1,
0644,,01919.04,,"cabbage, for fodder",1,,1,
0645,,01919.93,,"mixed grass and legumes, for forage",1,,1,
0646,,01919.05,,"turnips, for fodder",1,,1,
0647,,01919.06,,"beet, for forage",1,,1,
0648,,01919.07,,"carrots, for forage",1,,1,
0649,,01919.08,,"swedes, for forage",1,,1,
0650,,39120.92,,"leaves, tops and vines n.e.c.",1,,1,
0651,,01919.96,,"other forage products, n.e.c.",1,,1,
0652,,39120.91,,vegetable products for feed nes,1,,1,
0653,,39170.01,,food wastes,1,,1,
0654,,39160,,brewing or distilling dregs and waste,1,,1,
0655,,01919.95,,"other forage crops, n.e.c.",1,,1,
0656,,01610,,"coffee, green",1,,1,
0657,,23911,,"coffee, decaffeinated or roasted",1,,1,
0658,,23912.01,,coffee substitutes,1,,1,
0659,,23912.02,,coffee extracts,1,,1,
0660,,39150.01,,coffee husks and skins,1,,1,
0661,,01640,,cocoa beans,1,,1,
0662,,23610.01,,cocoa paste not defatted,1,,1,
0663,,39150.02,,cocoa husks and shells,1,,1,
0664,,23620,,"cocoa butter, fat and oil",1,,1,
0671,,01630,,maté leaves,1,,1,
0672,,23914,,"extracts, essences and concentrates of tea or mate, and preparations with a basis thereof or with a basis of tea or maté",1,,1,
0674,,01930.04,,tea nes (herbal tea),1,,1,
0677,,01659,,hop cones,1,,1,
0723,,01699,,"other stimulant, spice and aromatic crops, n.e.c. ",1,,1,
0737,,35410.01,,oil of citronella,1,,1,
0748,,01930.01,,"peppermint, spearmint",1,,1,
0753,,35410.90,,essential oils nes,1,,1,
0754,,01930.02,,"pyrethrum, dried flowers",1,,1,
0755,,23999.04,,pyrethrum extract,1,,1,
0756,,01930.03,,pyrethrum marc,1,,1,
0767,,01921.02,,"cotton lint, ginned",1,,1,
0768,,26160,,"cotton, carded or combed",1,,1,
0770,,21800,,cotton linters,1,,1,
0771,,01929.01,,"flax, raw or retted",1,,1,
0773,,26190.01,,"flax, processed but not spun",1,,1,
0774,,26190.02,,flax tow and waste,1,,1,
0828,,25020.01,,cigarettes,1,,1,
0829,,25020.02,,cigars and cheroots,1,,1,
0831,,25090,,other manufactured tobacco and manufactured tobacco substitutes; homogenized or reconstituted tobacco; tobacco extracts and essences,1,,1,
0836,,01950.01,,natural rubber in primary forms,1,,1,
0837,,01950.02,,natural rubber in other forms,1,,1,
0839,,03211,,"balata, gutta-percha, guayule, chicle and similar natural gums in primary forms or in plates, sheets or strip",1,,1,
0840,,23319.01,,"compound feed, cattle",1,,1,
0841,,23319.02,,"compound feed, poultry",1,,1,
0842,,23319.03,,"compound feed, pigs",1,,1,
0843,,23311,,"dog or cat food, put up for retail sale",1,,1,
0845,,23319.04,,compound feed nes,1,,1,
0846,,39130.04,,gluten feed and meal,1,,1,
0849,,23319.05,,feed yeast,1,,1,
0850,,23319.06,,feed supplements,1,,1,
0851,,23319.07,,non-protein nitrogens,1,,1,
0852,,23319.08,,other concentrates nes,1,,1,
0853,,23319.09,,vitamins,1,,1,
0854,,23319.10,,feed additives,1,,1,
0855,,23319.11,,feed minerals,1,,1,
0857,,01919.09,,"hay for forage, from grasses",1,,1,
0858,,01919.10,,"hay for forage, from legumes",1,,1,
0859,,01919.11,,"hay for forage, from other crops n.e.c.",1,,1,
0862,,23320,,lucerne (alfalfa) meal and pellets,1,,1,
0866,,02111,,cattle,1,,1,
0868,,21151,,"edible offal of cattle, fresh, chilled or frozen",1,,1,
0869,,21512,,"cattle fat, unrendered",1,,1,
0871,,21512.01,,"cattle, butcher fat",1,,1,
0872,,21182,,"bovine meat, salted, dried or smoked",1,,1,
0873,,21185,,"extracts and juices of meat, fish, crustaceans, molluscs or other aquatic invertebrates",1,,1,
0874,,21184.01,,"sausages and similar products of meat, offal or blood of beef and veal",1,,1,
0877,,23991.04,,homogenized meat preparations,1,,1,
0878,,21189.04,,liver preparations,1,,1,
0882,,02211,,raw milk of cattle,1,,1,
0883,,22110.01,,standardized milk,1,,1,
0885,,22120,,"cream, fresh",1,,1,
0886,,22241.01,,butter of cow milk,1,,1,
0887,,22241.02,,ghee from cow milk,1,,1,
0888,,22110.02,,skim milk of cows,1,,1,
0889,,22222.01,,"whole milk, condensed",1,,1,
0890,,22130.03,,"whey, condensed",1,,1,
0891,,22230.01,,yoghurt,1,,1,
0892,,22230.02,,"yoghurt, with additives",1,,1,
0893,,22230.03,,"buttermilk, curdled and acidified milk",1,,1,
0894,,22221.01,,"whole milk, evaporated",1,,1,
0895,,22221.02,,"skim milk, evaporated",1,,1,
0896,,22222.02,,"skim milk, condensed",1,,1,
0897,,22211,,whole milk powder,1,,1,
0898,,22212,,skim milk and whey powder,1,,1,
0899,,22230.04,,"buttermilk, dry",1,,1,
0900,,22130.02,,"whey, dry",1,,1,
0901,,22251.01,,cheese from whole cow milk,1,,1,
0903,,22130.01,,"whey, fresh",1,,1,
0904,,22251.02,,cheese from skimmed cow milk,1,,1,
0905,,22251.03,,whey cheese,1,,1,
0907,,22251.04,,processed cheese,1,,1,
0908,,22110.03,,reconstituted milk,1,,1,
0909,,22290,,dairy products n.e.c.,1,,1,
0910,,22270,,ice cream and other edible ice,1,,1,
0916,,23993.01,,egg albumin,1,,1,
0917,,22260,,casein,1,,1,
0919,,02951.01,,raw hides and skins of cattle,1,,1,
0920,,02951.04,,"hides, wet-salted of cattle",1,,1,
0921,,02951.05,,"hides, dry-salted of cattle",1,,1,
0922,,02951.91,,"hides of cattle, n.e.c.",1,,1,
0927,,02951.02,,raw hides and skins of calves,1,,1,
0928,,02951.06,,"skins, wet-salted of calves",1,,1,
0929,,02951.07,,"skins, dry-salted of calves",1,,1,
0930,,02951.92,,skins of calves. n.e.c.,1,,1,
0944,,21111.01i,,"meat of cattle with the bone, fresh or chilled (indigenous)",1,,1,
0945,,21111.01b,,"meat of cattle with the bone, fresh or chilled (biological)",1,,1,
0946,,02112,,buffalo,1,,1,
0948,,21152,,"edible offal of buffalo, fresh, chilled or frozen",1,,1,
0949,,21513,,"buffalo fat, unrendered",1,,1,
0951,,02212,,raw milk of buffalo,1,,1,
0952,,22242.01,,butter of buffalo milk,1,,1,
0953,,22242.02,,"ghee, from buffalo milk",1,,1,
0954,,22110.04,,skim milk of buffalo,1,,1,
0955,,22252,,"cheese from milk of buffalo, fresh or processed",1,,1,
0957,,02951.03,,raw hides and skins of buffaloes,1,,1,
0958,,02951.08,,"hides, wet-salted of buffalo",1,,1,
0959,,02951.09,,"hides, dry-salted of buffalo",1,,1,
0972,,21112i,,"meat of buffalo, fresh or chilled (indigenous)",1,,1,
0973,,21112b,,"meat of buffalo, fresh or chilled (biological)",1,,1,
0976,,02122,,sheep,1,,1,
0978,,21155,,"edible offal of sheep, fresh, chilled or frozen",1,,1,
0979,,21514,,"sheep fat, unrendered",1,,1,
0982,,02291,,raw milk of sheep,1,,1,
0983,,22249.01,,butter and ghee of sheep milk,1,,1,
0984,,22253,,"cheese from milk of sheep, fresh or processed",1,,1,
0985,,22110.05,,skim sheep milk,1,,1,
0988,,26130,,"wool, degreased or carbonized, not carded or combed",1,,1,
0995,,02953,,raw hides and skins of sheep or lambs,1,,1,
0996,,02953.03,,"skins, wet-salted of sheep",1,,1,
0997,,02953.04,,"skins, dry-salted of sheep",1,,1,
0998,,02953.90,,"skins of sheep, n.e.c.",1,,1,
0999,,02953.01,,"raw hides and skins of sheep or lambs, with wool",1,,1,
1002,,02955.01,,karakul skins,1,,1,
1007,,39213,,garnetted stock of wool or of fine or coarse animal hair,1,,1,
1008,,26150.01,,"hair, carded, combed",1,,1,
1010,,26150.02,,wool tops,1,,1,
1012,,21115i,,"meat of sheep, fresh or chilled (indigenous)",1,,1,
1013,,21115b,,"meat of sheep, fresh or chilled (biological)",1,,1,
1016,,02123,,goats,1,,1,
1018,,21156,,"edible offal of goat, fresh, chilled or frozen",1,,1,
1019,,21515,,"goat fat, unrendered",1,,1,
1020,,02292,,raw milk of goats,1,,1,
1021,,22254,,"cheese from milk of goats, fresh or processed",1,,1,
1022,,22249.02,,butter of goat milk,1,,1,
1023,,22110.06,,skim milk of goat,1,,1,
1025,,02954,,raw hides and skins of goats or kids,1,,1,
1026,,02954.01,,"skins, wet-salted (goats)",1,,1,
1027,,02954.02,,"skins, dry-salted (goats)",1,,1,
1028,,02954.90,,"skins n.e.c., goats",1,,1,
1030,,02943.01,,fine goat hair,1,,1,
1031,,02942.02,,coarse goat hair,1,,1,
1032,,21116i,,"meat of goat, fresh or chilled (indigenous)",1,,1,
1033,,21116b,,"meat of goat, fresh or chilled (biological)",1,,1,
1034,,02140,,swine / pigs,1,,1,
1036,,21153,,"edible offal of pigs, fresh, chilled or frozen",1,,1,
1037,,21511.01,,fat of pigs,1,,1,
1039,,21181,,"pig meat, cuts, salted, dried or smoked (bacon and ham)",1,,1,
1040,,21511.02,,"pig, butcher fat",1,,1,
1041,,21184.02,,"sausages and similar products of meat, offal or blood of pig",1,,1,
1043,,21521,,"pig fat, rendered",1,,1,
1044,,02959.01,,raw skins of swine,1,,1,
1045,,02959.03,,"skins, wet-salted of pigs",1,,1,
1046,,02959.04,,"skins, dry-salted of pigs",1,,1,
1047,,02959.05,,"skins of pigs, n.e.c.",1,,1,
1055,,21113.01i,,"meat of pig with the bone, fresh or chilled (indigenous)",1,,1,
1056,,21113.01b,,"meat of pig with the bone, fresh or chilled (biological)",1,,1,
1059,,21160.01,,"edible offals and liver of chickens and guinea fowl, fresh, chilled or frozen",1,,1,
1060,,21189.05,,fatty liver preparations,1,,1,
1062,,0231,,"hen eggs in shell, fresh",1,,1,
1063,,23993.02,,"eggs, liquid",1,,1,
1064,,23993.03,,"eggs, dried",1,,1,
1065,,21511.03,,fat of poultry,1,,1,
1066,,21522,,"poultry fat, rendered",1,,1,
1068,,02154,,ducks,1,,1,
1070,,21122i,,"meat of ducks, fresh or chilled (indigenous)",1,,1,
1071,,21122b,,"meat of ducks, fresh or chilled (biological)",1,,1,
1072,,02153,,geese,1,,1,
1074,,21160.02,,"edible offals and liver of geese, fresh, chilled or frozen",1,,1,
1075,,21160.03,,"edible offals and liver of ducks, fresh, chilled or frozen",1,,1,
1077,,21123i,,"meat of geese, fresh or chilled (indigenous)",1,,1,
1078,,21123b,,"meat of geese, fresh or chilled (biological)",1,,1,
1079,,02152,,turkeys,1,,,Official data not avaialble for production. Not included in the production questionnaire.
1081,,21160.04,,"edible offals and liver of turkey,fresh, chilled or frozen",1,,1,
1083,,02194,,other birds,1,,1,
1084,,21170.01i,,"meat of pigeons and other birds n.e.c., fresh, chilled or frozen (indigenous)",1,,1,
1085,,21170.01b,,"meat of pigeons and other birds n.e.c., fresh, chilled or frozen (biological)",1,,1,
1087,,21124i,,"meat of turkeys, fresh or chilled (indigenous)",1,,1,
1088,,21124b,,"meat of turkeys, fresh or chilled (biological)",1,,1,
1089,,21170.01,,"meat of pigeons and other birds n.e.c., fresh, chilled or frozen",1,,1,
1091,,0232,,"eggs from other birds in shell, fresh, n.e.c.",1,,1,
1094,,21121i,,"meat of chickens, fresh or chilled (indigenous)",1,,1,
1095,,21121b,,"meat of chickens, fresh or chilled (biological)",1,,1,
1096,,02131,,horses,1,,1,
1098,,21159.01,,"edible offals of horses and other equines,  fresh, chilled or frozen",1,,1,
1100,,39110.01,,hair of horses,1,,1,
1102,,02952.01,,raw hides and skins of horses,1,,1,
1103,,02952.04,,"hides, wet-salted of horses",1,,1,
1104,,02952.05,,"hides, dry-salted of horses",1,,1,
1105,,02952.91,,"hides of horses, n.e.c.",1,,1,
1107,,02132,,asses,1,,1,
1109,,02952.02,,raw hides and skins of asses,1,,1,
1110,,02133,,mules and hinnies,1,,1,
1112,,02952.03,,raw hides and skins of mules,1,,1,
1120,,21118.01i,,"horse meat, fresh or chilled (indigenous)",1,,1,
1121,,21118.01b,,"horse meat, fresh or chilled (biological)",1,,1,
1122,,21118.02i,,"meat of asses, fresh or chilled (indigenous)",1,,1,
1123,,21118.02b,,"meat of asses, fresh or chilled (biological)",1,,1,
1124,,21118.03i,,"meat of mules, fresh or chilled (indigenous)",1,,1,
1125,,21118.03b,,"meat of mules, fresh or chilled (biological)",1,,1,
1126,,02121.01,,camels,1,,1,
1128,,21159.02,,"edible offals of camels and other camelids, fresh, chilled or frozen",1,,1,
1129,,21519.02,,fat of camels,1,,1,
1130,,02293,,raw milk of camel,1,,1,
1133,,02959.02,,raw skins of camels,1,,1,
1134,,02959.06,,"hides, wet-salted of camels",1,,1,
1135,,02959.07,,"hides, dry-salted of camels",1,,1,
1136,,02959.08,,"hides of camels, n.e.c.",1,,1,
1137,,21117.01i,,"meat of camels, fresh or chilled (indigenous)",1,,1,
1138,,21117.01b,,"meat of camels, fresh or chilled (biological)",1,,1,
1140,,02191,,rabbits and hares,1,,1,
1144,,21114i,,"meat of rabbits and hares, fresh or chilled (indigenous)",1,,1,
1145,,21114b,,"meat of rabbits and hares, fresh or chilled (biological)",1,,1,
1146,,02955.02,,rabbit skins,1,,1,
1150,,02192.01,,other rodents,1,,1,
1154,,21119.01i,,"meat of other domestic rodents, fresh or chilled (indigenous)",1,,0,Not included in the production questionnaire.
1155,,21119.01b,,"meat of other domestic rodents, fresh or chilled (biological)",1,,1,
1157,,02121.02,,other camelids,1,,1,
1160,,21519.03,,fat of other camelids,1,,1,
1161,,21117.02i,,"meat of other domestic camelids, fresh or chilled (indigenous)",1,,1,
1162,,21117.02b,,"meat of other domestic camelids, fresh or chilled (biological)",1,,,
1164,,21183,,"other meat and edible meat offal, salted, in brine, dried or smoked; edible flours and meals of meat or meat offal",1,,,
1168,,21529.03,,animal oils and fats nes,1,,,
1173,,21190.01,,meat meal,1,,,
1174,,21291,,"flours, meals and pellets, inedible, of fish, crustaceans, molluscs or other aquatic invertebrates",1,,,
1175,,21190.02,,blood meal,1,,,
1176,,02920,,"snails, fresh, chilled, frozen, dried, salted or in brine, except sea snails",1,,,
1181,,02196,,bees,1,,,
1182,,02910,,natural honey,1,,,
1183,,02960.01,,beeswax,1,,,
1185,,02944,,silk-worm cocoons suitable for reeling,1,,,
1186,,26110,,raw silk (not thrown),1,,,
1187,,39211,,silk waste,1,,,
1195,,02955.90,,other raw furskins n.e.c.,1,,,
1213,,02959.91,,"other raw skins of other animals, fresh",1,,,
1214,,02959.20,,"hides, wet-salted n.e.c.",1,,,
1215,,02959.30,,"hides, dry-salted n.e.c.",1,,,
1216,,02959.99,,"other raw skins of other animals, preserved",1,,,
1218,,02943.02,,"fine hair, n.e.c. ",1,,,
1219,,02942.90,,other coarse animal hair ,1,,,
1221,,21529.02,,lard stearine and lard oil,1,,,
1222,,21932.01,,degras,1,,,
1225,,21523,,tallow,1,,,
1241,,21700.01,,liquid margarine,1,,,
1242,,21700.02,,margarine and shortening,1,,,
1259,,39170.02,,"food waste, prep. for feed",1,,,
1273,,21693.02,,"castor oil, hydrogenated",1,,,
1274,,34550,,"animal or vegetable fats and oils and their fractions, chemically modified, except those hydrogenated, inter-esterified, re-esterified or elaidinized; inedible mixtures or preparations of animal or vegetable fats or oils",1,,,
1276,,34120,,industrial monocarboxylic fatty acids; acid oils from refining,1,,,
1277,,21932.02,,residues of fatty substances,1,,,
1291,,03219.01,,arabic gum,1,,,
1292,,03219.90,,"other lac, resins, balsams, natural gums and other resins n.e.c.",1,,,
1295,,02960.02,,spermaceti,1,,,
1296,,21931,,"vegetable waxes (other than triglycerides), whether or not refined or coloured",1,,,
,false,01199.01,false,teff,1,Teff is not in FCL.,1,"Although Teff is not in the FCL, data may be avaialble in the Production Questionnaire (Ethiopia)"
